,acidez,amargor,aroma,astringencia,dulce,dureza,impresion_global,velocidad_fusion
D01211557,0,4,6,2,4,6,6,5
D01220257,0,4,6,2,6,4,6,6
D01220258,0,4,6,2,6,4,6,6
D01220924,0,4,6,2,6,4,6,6
D01220946,0,4,6,2,6,4,6,6
D01220947,0,4,6,2,6,6,6,6
D01220948,0,4,6,2,6,4,6,6
D01221083,0,4,6,2,6,4,6,6
D01221084,0,4,6,2,6,4,6,6
D01221085,0,4,6,2,6,4,6,6
D01221086,0,4,6,2,6,4,6,6
D01221088,0,4,6,2,6,4,6,6
D01221089,0,4,6,2,6,4,6,6
D01221090,0,4,6,2,6,4,6,6
D01221091,0,4,6,2,6,4,6,6
D01221092,0,4,6,2,6,4,6,6
D01221093,0,4,6,2,6,4,6,6
D01221094,0,4,6,2,6,6,6,6
D01221098,0,4,6,2,4,6,6,5
D01221100,0,4,6,2,6,4,6,6
D01221101,0,4,6,2,4,4,6,6
D01221103,0,4,6,2,6,4,6,6
D01221105,0,4,6,2,6,4,6,6
D01221107,0,4,6,2,4,6,6,6
D01221128,0,4,6,2,6,4,6,6
D01221129,0,4,6,2,6,4,6,6
D01221130,0,4,6,2,6,4,6,6
D01221139,0,4,6,2,6,4,6,6
D01221140,0,4,6,2,6,4,6,6
D01221670,0,4,6,4,6,6,6,5
D01221695,0,4,6,2,6,4,6,6
D01221784,0,4,6,2,6,4,6,6
D01221848,0,4,6,2,6,4,6,6
D01221946,0,4,6,2,6,4,6,6
D01221978,0,4,6,2,6,4,6,6
D01222041,0,4,6,4,4,6,6,6
D01222198,0,4,6,2,6,4,6,6
D01222283,0,4,6,2,6,4,6,6
D01222308,0,4,6,2,6,6,6,6
D01222310,0,4,6,2,6,4,6,6
D01222455,0,4,6,2,6,4,6,6
D01222456,0,4,6,2,6,4,6,6
D01222457,0,4,6,2,6,4,6,6
D01222518,0,4,6,2,6,4,6,6
D01222520,0,4,6,2,6,4,6,6
D01222525,0,4,6,2,6,4,6,6
D01222526,0,4,6,2,6,4,6,5
D01222527,0,4,6,2,6,4,6,6
D01222528,0,4,6,2,6,4,6,6
D01222685,0,4,6,2,6,4,6,6
D01222878,0,4,6,2,6,4,6,6
D01230195,0,4,6,2,6,4,6,6
D01230196,0,4,6,2,6,4,6,6
D01230782,0,4,6,2,6,4,6,6
D01230783,0,4,6,2,6,4,6,6
D01230884,0,4,6,2,6,4,6,6
D01230886,0,4,6,2,6,4,6,6
D01240983,0,4,6,2,6,4,6,6
D01241097,0,4,6,2,6,4,6,6
D01241098,0,4,6,2,6,4,6,6
D01241468,0,4,6,2,6,4,6,6
D01241469,0,4,6,2,6,4,6,6
D01241470,0,4,6,2,4,4,6,6
D01241516,0,4,6,2,6,4,6,6
D01242205,0,4,6,2,6,4,6,6
D01242488,0,4,6,2,6,4,6,6
D01242630,0,4,6,2,6,4,6,6
D01242631,0,4,6,2,6,4,6,6
D02220126,0,4,6,2,6,4,6,6
D02220226,0,4,6,2,6,4,6,6
D02220227,0,4,6,2,5,4,7,6
D02220443,0,4,6,2,6,4,6,6
D02220463,0,4,6,2,6,4,6,6
D02220464,0,4,6,2,6,4,6,6
D02220465,0,4,6,2,6,4,6,6
D02220808,0,4,6,2,6,4,6,6
D02221005,0,4,6,2,6,4,6,6
D02221006,0,4,6,2,6,4,6,6
D02221007,0,4,6,2,6,4,6,6
D02221023,0,4,6,2,6,4,6,6
D02221079,0,4,6,2,4,4,6,6
D02221134,0,4,6,2,4,4,6,6
D02221135,0,4,6,2,4,4,6,6
D02221181,0,4,6,2,6,4,6,6
D02221182,0,4,6,2,6,4,6,6
D02221183,0,4,6,2,6,4,6,6
D02221187,0,4,6,2,6,4,6,6
D02221188,0,4,6,2,6,4,6,6
D02221509,0,4,6,2,6,6,6,6
D02221510,0,4,6,2,6,4,6,6
D02221511,0,4,6,2,6,4,6,6
D02221512,0,4,6,2,4,4,6,6
D02221513,0,4,6,2,6,4,6,6
D02221515,0,4,6,2,6,4,6,6
D02221516,0,4,6,2,4,6,6,6
D02221517,0,4,6,2,4,6,6,6
D02221518,0,4,6,2,4,4,6,6
D02221519,0,4,6,2,6,4,6,6
D02221522,0,4,6,2,6,6,6,6
D02221523,0,4,6,2,6,4,6,6
D02221524,0,4,6,2,6,6,6,6
D02221531,0,4,6,2,6,4,6,6
D02221532,0,4,6,2,6,4,6,6
D02221533,0,4,6,2,4,6,6,6
D02221719,0,4,6,2,6,4,6,6
D02221720,0,4,6,2,6,4,6,6
D02221721,0,4,6,2,6,4,6,6
D02221722,0,4,6,2,6,4,6,6
D02221743,0,4,6,2,4,4,6,6
D02221744,0,4,6,2,6,4,6,6
D02221745,0,4,6,2,4,6,6,6
D02221746,0,4,6,2,4,4,6,6
D02221747,0,4,6,2,6,4,6,6
D02221748,0,4,6,4,4,6,6,6
D02221765,0,4,6,2,6,4,6,6
D02221766,0,4,6,2,6,4,6,6
D02221774,0,4,6,2,4,6,6,5
D02221775,0,4,6,2,6,4,6,6
D02221776,0,4,6,2,6,4,6,6
D02221777,0,4,6,2,6,4,6,6
D02221778,0,4,6,2,6,6,6,6
D02221785,0,4,6,2,6,4,6,6
D02221786,0,4,6,2,4,6,6,5
D02221787,0,4,6,2,4,6,6,5
D02221788,0,4,6,2,6,4,6,6
D02221810,0,4,6,2,6,4,6,6
D02221811,0,4,6,2,6,4,6,6
D02221871,0,4,6,2,4,4,6,6
D02222044,0,4,6,2,6,4,6,6
D02222097,0,4,6,2,6,4,6,6
D02222098,0,4,6,2,6,4,6,6
D02222212,0,4,6,2,6,4,6,6
D02222213,0,4,6,2,6,4,6,6
D02222327,0,4,6,2,6,4,6,6
D02222328,0,4,6,2,6,4,6,6
D02222417,0,4,6,2,4,6,6,5
D02222467,0,4,6,2,6,4,6,6
D02222470,0,4,6,2,6,4,6,6
D02222471,0,4,6,2,6,4,6,6
D02222472,0,4,6,2,6,4,6,6
D02231516,0,4,6,2,6,4,6,6
D02231517,0,4,6,2,6,4,6,6
D02231518,0,4,6,2,6,4,6,6
D02231519,0,4,6,2,6,4,6,6
D02231520,0,4,6,2,6,4,6,6
D02231521,0,4,6,2,6,4,6,6
D02231522,0,4,6,2,6,4,6,6
D02231523,0,4,6,2,6,4,6,6
D02231524,0,4,6,2,6,4,6,6
D02231525,0,4,6,2,6,4,6,6
D02231639,0,4,6,2,6,4,6,6
D02231640,0,4,6,2,6,4,6,6
D02232675,0,4,6,2,6,4,6,6
D02232676,0,4,6,2,6,4,6,6
D02240213,0,4,6,2,6,4,6,6
D02240214,0,4,6,2,6,4,6,6
D02240215,0,4,6,2,6,4,6,6
D02240445,0,4,6,2,6,4,6,6
D02240798,0,4,6,2,6,4,6,6
D02241112,0,4,6,2,6,4,6,6
D02241846,0,4,6,2,6,4,6,6
D03211879,0,4,6,2,6,6,6,5
D03211884,0,4,6,2,6,4,6,6
D03211894,0,4,6,2,6,4,6,6
D03213077,0,4,6,2,6,4,6,6
D03213094,0,4,6,2,4,6,6,6
D03213114,0,4,6,2,6,6,6,6
D03220035,0,4,6,2,4,6,6,6
D03220355,0,4,6,2,6,4,6,6
D03220356,0,4,6,2,6,4,6,6
D03220871,0,4,6,2,6,4,6,6
D03220872,0,4,6,2,6,4,6,6
D03221001,0,4,6,2,6,4,6,6
D03221016,0,4,6,2,6,4,6,6
D03221017,0,4,6,2,6,4,6,6
D03221169,0,4,6,2,6,4,6,6
D03221170,0,4,6,2,6,4,6,6
D03221229,0,4,6,2,6,4,6,6
D03221231,0,4,6,2,6,4,6,6
D03221237,0,4,6,2,6,4,6,6
D03221241,0,4,6,2,6,4,6,6
D03221244,0,4,6,2,6,4,6,6
D03221245,0,4,6,2,6,4,6,6
D03221246,0,4,6,2,6,4,6,6
D03221247,0,4,6,2,6,4,6,6
D03221248,0,4,6,2,6,4,6,6
D03221249,0,4,6,2,6,4,6,6
D03221256,0,4,6,2,6,4,6,6
D03221257,0,4,6,2,6,4,6,6
D03221258,0,4,6,2,6,4,6,6
D03221259,0,4,6,2,6,4,6,6
D03221260,0,4,6,2,6,4,6,6
D03221261,0,4,6,2,6,4,6,6
D03221306,0,4,6,2,6,4,6,6
D03221307,0,4,6,2,6,4,6,6
D03221313,0,4,6,2,4,6,6,5
D03221314,2,4,6,2,4,6,6,5
D03221315,2,4,6,2,4,6,6,5
D03221316,2,4,6,2,4,6,6,5
D03221317,2,4,6,2,4,6,6,5
D03221318,2,4,6,2,4,6,6,5
D03221323,0,4,6,2,6,4,6,6
D03221331,0,4,6,2,6,4,6,6
D03221431,0,4,6,2,6,4,6,6
D03221432,0,4,6,2,6,4,6,5
D03221433,0,4,6,2,6,4,6,6
D03221435,0,4,6,2,6,4,6,6
D03221436,0,4,6,2,6,4,6,6
D03221437,0,4,6,2,6,4,6,5
D03221438,0,4,6,2,6,4,6,6
D03221439,0,4,6,2,6,4,6,6
D03221440,0,4,6,2,6,4,6,6
D03221446,0,4,6,2,6,4,6,6
D03221447,0,4,6,2,6,4,6,6
D03221448,0,4,6,2,6,4,6,6
D03221455,0,4,6,2,6,4,6,5
D03221456,0,4,6,2,6,4,6,6
D03221459,0,4,6,2,6,4,6,6
D03221460,0,4,6,2,6,4,6,6
D03221461,0,4,6,2,6,4,6,6
D03221463,0,4,6,2,6,4,6,6
D03221464,0,4,6,2,6,4,6,6
D03221465,0,4,6,2,6,4,6,6
D03221524,0,4,6,2,6,4,6,6
D03221527,0,4,6,2,6,4,6,6
D03221577,0,4,6,2,6,4,6,6
D03221578,0,4,6,2,6,4,6,6
D03221579,0,4,6,2,6,4,6,6
D03221581,0,4,6,2,6,4,6,6
D03221893,0,4,6,2,6,4,6,6
D03221894,0,4,6,2,6,4,6,6
D03222228,0,4,6,2,6,4,6,6
D03222229,0,4,6,2,6,4,6,6
D03222230,0,4,6,2,6,4,6,6
D03222231,0,4,6,2,6,4,6,6
D03222232,0,4,6,2,4,4,6,6
D03222577,0,4,6,2,6,4,6,6
D03222578,0,4,6,2,6,4,6,6
D03222600,0,4,6,2,6,4,6,6
D03222601,0,4,6,2,6,4,6,6
D03222770,0,4,6,2,6,4,6,6
D03222771,0,4,6,2,6,4,6,6
D03222772,0,4,6,2,6,4,6,6
D03222774,0,4,6,2,6,4,6,6
D03222910,0,4,6,2,6,4,6,6
D03222911,0,4,6,2,6,4,6,6
D03222956,0,4,6,2,6,4,6,6
D03222972,0,4,6,2,6,4,6,6
D03223070,0,4,6,2,6,4,6,6
D03223198,0,4,6,2,6,4,6,6
D03223199,0,4,6,2,6,4,6,6
D03223262,0,4,6,2,6,4,6,6
D03223263,0,4,6,4,4,4,6,6
D03223279,0,4,6,2,6,4,6,6
D03223280,0,4,6,2,6,4,6,6
D03223281,0,4,6,2,6,4,6,6
D03223282,0,4,6,2,6,4,6,6
D03223289,0,4,6,2,6,4,6,6
D03223291,0,4,6,2,6,4,6,6
D03223294,0,4,6,2,6,4,6,6
D03230029,0,4,6,2,6,4,6,6
D03230030,0,4,6,2,6,4,6,6
D03230447,0,4,6,2,6,4,6,6
D03230448,0,4,6,2,6,4,6,6
D03230449,0,4,6,2,6,4,6,6
D03230450,0,4,6,2,6,4,6,6
D03230961,0,4,6,2,6,4,6,6
D03230962,0,4,6,2,6,4,6,6
D03230964,0,4,6,2,6,4,6,6
D03230965,0,4,6,2,6,4,6,6
D03230966,0,4,6,2,6,4,6,6
D03231854,0,4,6,2,6,4,6,6
D03231855,0,4,6,2,4,4,6,6
D03231856,0,4,6,2,6,4,6,6
D03231857,0,4,6,4,6,4,6,6
D03231865,0,4,6,2,6,4,6,6
D03231866,0,4,6,2,6,4,6,6
D03232024,0,4,6,2,6,4,6,6
D03232125,0,4,6,2,6,4,6,6
D04210933,0,4,6,2,6,6,6,6
D04210934,0,4,6,2,6,4,6,6
D04210936,0,4,6,2,6,4,6,6
D04210940,0,4,6,2,6,4,6,6
D04210956,0,4,6,2,6,4,6,6
D04210958,0,4,6,2,6,4,6,6
D04210962,0,4,6,2,6,4,6,6
D04210968,0,4,6,2,6,4,6,6
D04210969,0,4,6,2,6,4,6,6
D04210970,0,4,6,2,6,4,6,6
D04210971,0,4,6,2,6,4,6,6
D04210972,0,4,6,2,6,6,6,6
D04210973,0,4,6,2,6,4,6,6
D04210977,0,4,6,2,6,4,6,6
D04210978,0,4,6,2,6,4,6,6
D04211189,0,4,6,2,6,4,6,6
D04211856,0,4,6,2,6,4,6,6
D04211857,0,4,6,2,6,4,6,6
D04211960,0,4,6,2,6,4,6,6
D04212881,0,4,6,2,6,4,6,6
D04212884,0,4,6,2,6,4,6,6
D04213512,0,4,6,2,6,4,6,6
D04213514,0,4,6,2,6,6,6,6
D04213519,0,4,6,2,6,4,6,6
D04213521,0,4,6,2,6,4,6,6
D04213522,0,4,6,2,6,4,6,6
D04213526,0,4,6,2,6,6,6,6
D04213528,0,4,6,2,6,4,6,6
D04213530,0,4,6,2,6,4,6,6
D04213531,0,4,6,2,6,4,6,6
D04213539,0,4,6,2,6,4,6,6
D04213540,0,4,6,2,6,4,6,6
D04213550,0,4,6,2,6,4,6,6
D04213551,0,4,6,2,6,4,6,6
D04213552,0,4,6,2,6,4,6,6
D04213553,0,4,6,2,6,4,6,6
D04213555,0,4,6,2,6,4,6,6
D04220036,0,4,6,2,6,4,6,6
D04220639,0,4,6,2,6,4,6,6
D04220640,0,4,6,2,6,4,6,6
D04220641,0,4,6,2,6,4,6,6
D04220642,0,4,6,2,6,4,6,6
D04220672,2,4,6,2,4,6,6,5
D04220673,0,4,6,2,6,4,6,6
D04220674,0,4,6,2,6,4,6,6
D04220680,2,4,6,2,4,6,6,5
D04220681,2,4,6,2,4,6,6,5
D04220682,0,4,6,2,4,6,6,5
D04220760,0,4,6,2,6,4,6,6
D04220761,0,4,6,2,6,4,6,6
D04220838,0,4,6,2,6,4,6,6
D04220839,0,4,6,2,6,4,6,6
D04220840,0,4,6,2,6,4,6,6
D04220841,0,4,6,2,6,4,6,6
D04220842,0,4,6,2,4,6,6,5
D04220843,0,4,6,2,6,4,6,6
D04220844,0,4,6,2,4,6,6,5
D04220845,0,4,6,2,6,4,6,6
D04220846,2,4,6,2,4,6,6,5
D04220847,0,4,6,2,6,4,6,6
D04221157,0,4,6,2,6,4,6,6
D04221161,0,4,6,2,6,4,6,5
D04221162,0,4,6,2,6,4,6,6
D04221163,0,4,6,2,6,4,6,6
D04221164,0,4,6,2,6,4,6,6
D04221244,0,4,6,2,6,4,6,6
D04221308,0,4,6,2,6,4,6,6
D04221326,0,4,6,2,6,4,6,6
D04221327,0,4,6,2,6,4,6,6
D04221328,0,4,6,2,6,4,6,6
D04221329,0,4,6,2,6,4,6,6
D04221330,0,4,6,2,6,4,6,6
D04221409,0,4,6,2,6,4,6,6
D04221573,0,4,6,2,6,4,6,6
D04221587,0,4,6,2,6,4,6,6
D04221588,0,4,6,2,6,4,6,6
D04221589,0,4,6,2,6,4,6,6
D04221676,0,4,6,2,6,4,6,6
D04221693,0,4,6,2,4,6,6,5
D04221694,0,4,6,2,4,6,6,5
D04221695,0,4,6,2,4,6,6,5
D04221696,0,4,6,2,4,6,6,5
D04221697,0,4,6,2,4,6,6,5
D04221698,0,4,6,2,4,6,6,5
D04221699,0,4,6,2,6,6,6,6
D04221700,0,4,6,2,6,4,6,6
D04221701,0,4,6,2,6,4,6,6
D04221702,0,4,6,2,6,4,6,6
D04221703,0,4,6,2,6,4,6,6
D04221704,0,4,6,2,6,4,6,6
D04221705,0,4,6,2,6,4,6,6
D04221706,0,4,6,2,4,6,6,6
D04221707,0,4,6,2,4,6,6,6
D04221708,0,4,6,2,4,6,6,6
D04221709,0,4,6,2,6,6,6,6
D04221725,0,4,6,2,6,4,6,6
D04221737,0,4,6,2,6,4,6,6
D04221738,0,4,6,2,6,4,6,6
D04221739,0,4,6,2,6,4,6,6
D04221763,0,4,6,2,6,4,6,6
D04221765,0,4,6,2,6,4,6,6
D04221853,0,4,6,2,6,4,6,6
D04221877,0,4,6,2,6,4,6,6
D04221959,0,4,6,2,6,4,6,6
D04222057,0,4,6,2,6,4,6,6
D04222060,0,4,6,2,6,4,6,6
D04222149,0,4,6,2,6,4,6,6
D04222150,0,4,6,2,6,4,6,6
D04222151,0,4,6,2,6,4,6,6
D04222202,0,4,6,2,6,4,6,6
D04222475,0,4,6,2,6,4,6,6
D04222595,0,4,6,2,6,4,6,6
D04222596,0,4,6,2,6,4,6,6
D04222743,0,4,6,2,6,4,6,6
D04222794,0,4,6,2,6,4,6,6
D04222857,0,4,6,2,6,4,6,6
D04222858,0,4,6,2,6,4,6,6
D04222859,0,4,6,2,6,4,6,6
D04222893,0,4,6,2,6,4,6,6
D04222945,0,4,6,2,6,4,6,6
D04222946,0,4,6,2,6,4,6,6
D04222977,0,4,6,4,4,6,6,6
D04222979,0,4,6,2,6,4,6,6
D04223056,0,4,6,2,6,4,6,6
D04223057,0,4,6,2,6,4,6,6
D04223058,0,4,6,2,6,4,6,6
D04223059,0,4,6,2,6,4,6,6
D04223060,0,4,6,2,6,4,6,6
D04223061,0,4,6,2,6,4,6,6
D04223062,0,4,6,2,6,4,6,6
D04223063,0,4,6,2,6,4,6,6
D04223064,0,4,6,2,6,4,6,6
D04223065,0,4,6,2,6,4,6,6
D04223066,0,4,6,2,6,4,6,6
D04223067,0,4,6,2,6,4,6,6
D04223068,0,4,6,2,6,4,6,6
D04223071,0,4,6,2,6,6,6,6
D04223072,0,4,6,2,4,6,6,5
D04223073,0,4,6,2,4,6,6,6
D04223074,0,4,6,2,6,4,6,6
D04223079,0,4,6,2,6,4,6,6
D04223081,0,4,6,2,6,4,6,6
D04223082,0,4,6,2,6,6,6,6
D04223083,0,4,6,2,4,6,6,5
D04223084,0,4,6,2,6,4,6,6
D04223086,2,4,6,2,4,6,6,5
D04223087,2,4,6,2,4,6,6,5
D04223088,0,4,6,2,6,4,6,6
D04223089,0,4,6,2,6,4,6,6
D04223091,0,4,6,2,6,4,6,6
D04223093,0,4,6,4,4,6,6,6
D04223094,0,4,6,2,6,4,6,6
D04230078,0,4,6,2,6,4,6,6
D04230079,0,4,6,4,4,4,6,6
D04230124,0,4,6,2,6,4,6,6
D04230125,0,4,6,2,6,4,6,6
D04230129,0,4,6,2,6,4,6,6
D04230196,0,4,6,2,6,4,6,6
D04230325,0,4,6,2,6,4,6,6
D04230336,0,4,6,2,6,4,6,6
D04230925,0,4,6,2,6,4,6,6
D04230972,0,4,6,2,6,4,6,6
D04231285,0,4,6,2,6,4,6,6
D04231635,0,4,6,2,6,4,6,6
D04231790,0,4,6,2,6,4,6,6
D04232087,0,4,6,2,6,4,6,6
D04232209,0,4,6,2,6,4,6,6
D04232210,0,4,6,2,6,4,6,6
D05210424,0,4,6,2,6,4,6,6
D05211739,0,4,6,2,6,4,6,6
D05211745,0,4,6,2,6,4,6,6
D05211751,0,4,6,2,6,4,6,6
D05211752,0,4,6,2,6,4,6,6
D05211846,0,4,6,2,6,6,6,6
D05211847,0,4,6,2,6,4,6,6
D05211848,0,4,6,2,6,4,6,6
D05211849,0,4,6,2,6,4,6,6
D05211853,0,4,6,2,6,4,6,6
D05211865,0,4,6,2,6,4,6,6
D05211866,0,4,6,2,6,4,6,6
D05212548,0,4,6,2,4,6,6,5
D05212565,0,4,6,2,4,6,6,6
D05212566,0,4,6,2,6,4,6,6
D05220296,0,4,6,2,6,4,6,6
D05220316,0,4,6,2,6,4,6,6
D05220349,0,4,6,2,6,4,6,6
D05220576,0,4,6,2,6,4,6,6
D05220711,0,4,6,2,6,4,6,6
D05220712,0,4,6,2,6,4,6,6
D05220713,0,4,6,2,4,6,6,6
D05220789,0,4,6,2,6,6,6,6
D05220790,0,4,6,2,6,6,6,6
D05220791,0,4,6,2,6,4,6,6
D05221339,0,4,6,2,6,4,6,6
D05221346,0,4,6,2,6,4,6,6
D05221347,0,4,6,2,6,4,6,6
D05221572,0,4,6,2,6,4,6,6
D05221578,0,4,6,2,6,4,6,6
D05221712,0,4,6,2,6,4,6,6
D05221972,0,4,6,2,6,4,6,6
D05221973,0,4,6,2,6,4,6,6
D05222167,0,4,6,2,6,4,6,6
D05222177,0,4,6,2,6,4,6,6
D05222217,0,4,6,2,6,4,6,6
D05222262,0,4,6,2,6,4,6,6
D05222463,0,4,6,2,6,4,6,6
D05222464,0,4,6,2,6,4,6,6
D05222465,0,4,6,2,6,4,6,6
D05222466,0,4,6,2,6,4,6,6
D05222467,0,4,6,2,6,4,6,6
D05222954,0,4,6,2,6,4,6,6
D05223014,0,4,6,2,6,4,6,6
D05223015,0,4,6,2,6,4,6,6
D05223016,0,4,6,2,6,4,6,6
D05223049,0,4,6,2,6,4,6,6
D05223050,0,4,6,2,6,4,6,6
D05223051,0,4,6,2,6,4,6,6
D05223151,0,4,6,2,6,4,6,6
D05223169,0,4,6,2,6,4,6,6
D05223170,0,4,6,2,6,4,6,6
D05223171,0,4,6,2,6,4,6,6
D05223217,0,4,6,2,6,4,6,6
D05230085,0,4,6,2,6,4,6,6
D05230105,0,4,6,2,6,4,6,6
D05230145,0,4,6,2,6,4,6,6
D05230306,0,4,6,2,6,4,6,6
D05230389,0,4,6,2,6,4,6,6
D05230490,0,4,6,2,6,4,6,6
D05230491,0,4,6,2,6,4,6,6
D05230550,0,4,6,2,6,4,6,6
D05230909,0,4,6,2,6,4,6,6
D05230910,0,4,6,2,6,4,6,6
D05230911,0,4,6,2,6,4,6,6
D05230912,0,4,6,2,6,4,6,6
D05230993,0,4,6,2,6,4,6,6
D05230994,0,4,6,2,6,4,6,6
D05231133,0,4,6,2,6,4,6,6
D05231181,0,4,6,2,6,4,6,6
D05231267,0,4,6,2,6,4,6,6
D05232093,0,4,6,2,6,4,6,6
D05232133,0,4,6,2,4,6,6,5
D05232155,0,4,6,2,6,4,6,6
D05232407,0,4,6,2,6,4,6,6
D05232651,0,4,6,2,6,4,6,6
D05232653,0,4,6,2,6,4,6,6
D05232970,0,4,6,2,6,4,6,6
D06211574,0,4,6,4,4,6,6,6
D06212404,0,4,6,2,6,6,6,6
D06220027,0,4,6,2,6,4,6,6
D06220191,0,4,6,2,6,6,6,6
D06220192,0,4,6,2,6,4,6,6
D06220193,0,4,6,2,6,4,6,6
D06220365,0,4,6,2,6,4,6,6
D06220366,0,4,6,2,6,4,6,6
D06220367,0,4,6,2,6,4,6,6
D06220370,0,4,6,2,6,4,6,6
D06220415,0,4,6,2,6,4,6,6
D06220920,0,4,6,2,6,4,6,6
D06220921,0,4,6,2,6,4,6,6
D06221030,0,4,6,2,6,4,6,6
D06221031,0,4,6,2,6,4,6,6
D06221051,0,4,6,2,6,4,6,6
D06221291,0,4,6,2,6,6,6,5
D06221295,0,4,6,2,6,4,6,6
D06221296,0,4,6,2,6,4,6,6
D06221669,0,4,6,2,6,4,6,6
D06221670,0,4,6,2,6,4,6,6
D06221761,0,4,6,2,6,4,6,6
D06222124,0,4,6,2,6,4,6,6
D06222242,0,4,6,2,6,4,6,6
D06222244,0,4,6,2,6,4,6,5
D06222333,0,4,6,2,6,4,6,6
D06222334,0,4,6,2,6,4,6,6
D06222540,0,4,6,2,6,4,6,6
D06230029,0,4,6,2,6,4,6,6
D06230030,0,4,6,2,6,4,6,6
D06230031,0,4,6,2,6,4,6,6
D06230481,0,4,6,2,6,4,6,6
D06230543,0,4,6,2,6,4,6,6
D06230544,0,4,6,2,6,4,6,6
D06230545,0,4,6,2,6,4,6,6
D06230581,0,4,6,2,6,4,6,6
D06231362,0,4,6,2,6,4,6,6
D06231363,0,4,6,2,6,4,6,6
D06231452,0,4,6,2,6,4,6,6
D06231781,0,4,6,2,6,4,6,6
D06231783,0,4,6,2,6,4,6,6
D06231784,0,4,6,2,6,6,6,6
D06231785,0,4,6,2,6,4,6,6
D06231787,0,4,6,2,6,6,6,5
D06231789,0,4,6,2,6,4,6,6
D06231790,0,4,6,2,6,4,6,6
D06231791,0,4,6,2,6,4,6,6
D06231792,0,4,6,2,6,4,6,6
D06231793,0,4,6,2,6,4,6,6
D06231794,0,4,6,2,6,4,6,6
D06231796,0,4,6,2,6,4,6,6
D06231897,0,4,6,2,6,4,6,6
D06232457,0,4,6,2,6,4,6,6
D06232458,0,4,6,2,6,4,6,6
D06232539,0,4,6,2,6,4,6,6
D07210607,0,4,6,2,6,4,6,6
D07210611,0,4,6,2,6,4,6,6
D07210612,0,4,6,2,4,6,6,6
D07210614,0,4,6,2,6,4,6,6
D07211565,0,4,6,2,6,6,6,6
D07211567,0,4,6,2,6,4,6,6
D07211568,0,4,6,2,6,4,6,6
D07211569,0,4,6,2,6,4,6,6
D07211571,2,4,6,4,4,4,6,6
D07212737,0,4,6,2,6,4,6,6
D07212960,0,4,6,2,4,6,6,6
D07220044,0,4,6,2,4,4,6,6
D07220045,0,4,6,2,6,4,6,6
D07220047,0,4,6,2,6,4,6,6
D07220048,0,4,6,2,6,4,6,6
D07220532,0,4,6,2,6,4,6,6
D07220580,0,4,6,2,6,4,6,6
D07220583,0,4,6,2,6,4,6,6
D07220686,0,4,6,2,6,4,6,6
D07220687,0,4,6,2,6,4,6,6
D07220688,0,4,6,2,6,4,6,6
D07220689,0,4,6,2,6,4,6,6
D07221133,0,4,6,2,6,4,6,6
D07221136,0,4,6,2,6,6,6,6
D07221137,0,4,6,2,6,4,6,6
D07221189,0,4,6,4,4,4,6,6
D07221418,0,4,6,2,6,4,6,6
D07221421,0,4,6,2,6,4,6,6
D07221636,0,4,6,2,6,4,6,6
D07221637,0,4,6,2,6,4,6,6
D07221638,0,4,6,2,6,4,6,6
D07221639,0,4,6,2,6,4,6,6
D07221640,0,4,6,2,6,4,6,6
D07221641,0,4,6,2,6,4,6,6
D07221764,0,4,6,2,6,4,6,6
D07221765,0,4,6,2,6,4,6,6
D07221952,0,4,6,2,6,4,6,6
D07222032,0,4,6,2,6,4,6,6
D07222033,0,4,6,2,6,4,6,6
D07222219,0,4,6,2,4,4,6,6
D07222222,0,4,6,2,6,4,6,6
D07222380,0,4,6,2,6,4,6,6
D07222381,0,4,6,4,4,4,6,6
D07222702,0,4,6,2,6,4,6,6
D07222704,0,4,6,2,6,4,6,6
D07230238,0,4,6,2,6,4,6,6
D07230239,0,4,6,2,6,4,6,6
D07230318,0,4,6,2,6,4,6,6
D07230320,0,4,6,2,6,4,6,6
D07230321,0,4,6,2,6,4,6,6
D07230422,0,4,6,2,6,4,6,6
D07230423,0,4,6,2,6,4,6,6
D07230426,0,4,6,2,6,4,6,6
D07231148,0,4,6,2,6,4,6,6
D07231149,0,4,6,2,6,4,6,6
D07231158,0,4,6,2,6,4,6,6
D07231159,0,4,6,2,6,4,6,6
D07231188,0,4,6,2,6,4,6,6
D07231468,0,4,6,2,6,4,6,6
D07231568,0,4,6,2,6,4,6,6
D07231569,0,4,6,2,6,4,6,6
D07231571,0,4,6,2,6,4,6,6
D07231572,0,4,6,2,6,4,6,6
D07231582,0,4,6,2,6,4,6,6
D07231736,0,4,6,2,6,4,6,6
D07231737,0,4,6,2,6,4,6,6
D07231995,0,4,6,2,6,4,6,6
D07231996,0,4,6,2,6,4,6,6
D07231997,0,4,6,2,6,4,6,6
D07232099,0,4,6,2,6,4,6,6
D07232236,0,4,6,2,6,4,6,6
D07232477,0,4,6,2,6,4,6,6
D07232484,0,4,6,2,6,4,6,6
D08210265,0,4,6,2,6,4,6,6
D08210266,0,4,6,2,6,4,6,6
D08210341,0,4,6,2,6,4,6,6
D08210360,0,4,6,2,6,6,6,6
D08210361,0,4,6,2,4,6,6,6
D08210561,0,4,6,2,6,4,6,6
D08210562,0,4,6,2,6,4,6,6
D08210669,0,4,6,2,6,4,6,6
D08210678,0,4,6,2,6,4,6,6
D08210806,0,4,6,2,6,4,6,6
D08211096,0,4,6,2,6,6,6,5
D08211097,0,4,6,2,6,4,6,5
D08211098,0,4,6,2,6,4,6,6
D08211099,0,4,6,2,6,4,6,6
D08211100,0,4,6,2,6,6,6,6
D08211101,0,4,6,2,6,4,6,6
D08211102,0,4,6,2,4,6,6,6
D08211103,0,4,6,2,4,6,6,6
D08211104,0,4,6,2,4,6,6,6
D08211105,0,4,6,2,6,4,6,6
D08211106,0,4,6,2,6,6,6,6
D08211107,0,4,6,2,6,4,6,5
D08211108,0,4,6,2,6,4,6,6
D08211109,0,4,6,2,6,4,6,6
D08211110,0,4,6,2,6,4,6,6
D08211111,0,4,6,2,6,4,6,6
D08211112,0,4,6,2,6,4,6,6
D08211113,0,4,6,2,6,4,6,6
D08211152,0,4,6,4,4,4,6,6
D08211153,0,4,6,2,4,6,6,6
D08211220,0,4,6,2,4,6,6,6
D08211221,0,4,6,2,6,6,6,6
D08211222,0,4,6,2,6,4,6,6
D08211224,0,4,6,2,6,4,6,6
D08211225,0,4,6,2,6,4,6,6
D08211244,0,4,6,2,6,4,6,6
D08211246,0,4,6,2,6,4,6,6
D08211247,0,4,6,2,6,4,6,6
D08211248,0,4,6,2,6,4,6,6
D08211296,0,4,6,2,6,4,6,6
D08211533,0,4,6,2,6,4,6,6
D08211580,0,4,6,2,6,4,6,6
D08211637,0,4,6,2,6,4,6,6
D08211638,0,4,6,2,6,4,6,6
D08211641,0,4,6,2,6,5,6,5
D08211710,0,4,6,2,6,4,6,5
D08211737,0,4,6,2,6,4,6,6
D08211738,0,4,6,2,6,6,6,6
D08211743,0,4,6,2,6,4,6,6
D08211744,0,4,6,2,6,4,6,6
D08211745,0,4,6,2,6,4,6,6
D08212073,0,4,6,2,6,4,6,6
D08212074,0,4,6,2,5,4,7,6
D08212075,0,4,6,2,6,4,6,6
D08212076,0,4,6,2,6,4,6,6
D08212077,0,4,6,2,6,4,6,6
D08212078,0,4,6,2,6,6,6,5
D08212079,0,4,6,2,6,4,6,6
D08212080,0,4,6,2,6,6,6,5
D08212085,0,4,6,2,6,4,6,6
D08212086,0,4,6,2,6,4,6,6
D08212197,0,4,6,2,6,4,6,6
D08212321,0,4,6,2,6,6,6,6
D08212322,0,4,6,2,6,6,6,6
D08212443,0,4,6,2,6,4,6,6
D08212444,0,4,6,2,6,4,6,6
D08212445,0,4,6,2,6,4,6,6
D08212469,0,4,6,2,6,4,6,6
D08212553,0,4,6,2,6,4,6,6
D08212612,0,4,6,2,6,6,6,6
D08212613,0,4,6,2,6,6,6,6
D08212870,0,4,6,2,6,4,6,6
D08212958,0,4,6,2,6,4,6,6
D08212961,0,4,6,2,6,4,6,6
D08212968,0,4,6,2,6,6,6,6
D08212970,0,4,6,2,6,6,6,6
D08212972,0,4,6,2,6,4,6,6
D08220275,0,4,6,2,6,4,6,6
D08220276,0,4,6,2,6,4,6,6
D08220277,0,4,6,2,6,4,6,6
D08220278,0,4,6,2,6,4,6,6
D08220500,0,4,6,2,6,4,6,6
D08220501,0,4,6,2,6,4,6,6
D08220502,0,4,6,2,6,4,6,6
D08220961,0,4,6,2,6,4,6,6
D08220962,0,4,6,2,6,4,6,6
D08221101,0,4,6,2,6,4,6,6
D08221108,0,4,6,2,6,4,6,6
D08221109,0,4,6,2,6,4,6,6
D08221110,0,4,6,2,6,4,6,6
D08221193,0,4,6,2,6,4,6,6
D08221194,0,4,6,2,6,4,6,6
D08221195,0,4,6,2,6,4,6,6
D08221196,0,4,6,2,6,4,6,6
D08221210,0,4,6,2,6,4,6,6
D08221211,0,4,6,2,6,4,6,6
D08222350,0,4,6,2,6,4,6,6
D08222616,0,4,6,2,6,4,6,6
D08222617,0,4,6,2,6,4,6,6
D08222619,0,4,6,4,4,4,6,6
D08222620,0,4,6,2,6,4,6,6
D08222621,0,4,6,2,6,4,6,6
D08222690,0,4,6,2,6,4,6,6
D08230076,0,4,6,2,6,4,6,6
D08230077,0,4,6,2,6,4,6,6
D08230078,0,4,6,2,6,4,6,6
D08230079,0,4,6,2,6,6,6,6
D08230080,0,4,6,2,6,4,6,6
D08230081,0,4,6,2,6,4,6,6
D08230727,0,4,6,2,6,4,6,6
D08230728,0,4,6,2,6,4,6,6
D08230729,0,4,6,2,6,4,6,6
D08230995,0,4,6,2,6,4,6,6
D08231640,0,4,6,2,6,4,6,6
D08231641,0,4,6,2,6,4,6,6
D08231642,0,4,6,2,6,4,6,6
D08232222,0,4,6,2,6,4,6,6
D08232485,0,4,6,2,6,4,6,6
D09210025,0,4,6,2,6,4,6,6
D09210026,0,4,6,2,6,4,6,6
D09210212,0,4,6,2,6,4,6,6
D09210213,0,4,6,2,6,4,6,6
D09210214,0,4,6,2,6,6,6,6
D09210215,0,4,6,2,6,4,6,6
D09210216,0,4,6,2,6,5,6,5
D09210217,0,4,6,2,6,4,6,5
D09210327,0,4,6,4,4,6,6,6
D09210328,0,4,6,2,6,4,6,6
D09210385,0,4,6,2,6,4,6,6
D09210907,0,4,6,2,6,4,6,6
D09210908,0,4,6,2,6,6,6,5
D09210909,0,4,6,2,6,4,6,6
D09210910,0,4,6,2,6,4,6,6
D09211028,0,4,6,2,4,6,6,6
D09211029,0,4,6,2,4,6,6,6
D09211158,0,4,6,2,6,4,6,6
D09211223,0,4,6,2,6,6,6,6
D09211224,0,4,6,2,6,6,6,6
D09211225,0,4,6,2,6,4,6,6
D09211232,0,4,6,2,4,6,6,6
D09211233,0,4,6,2,4,6,6,6
D09211234,0,4,6,2,6,4,6,6
D09211235,0,4,6,2,6,4,6,6
D09211236,0,4,6,2,4,6,6,5
D09211237,0,4,6,2,4,4,6,6
D09211238,0,4,6,2,6,4,6,6
D09211239,0,4,6,2,6,4,6,6
D09211240,0,4,6,2,4,4,6,6
D09211241,0,4,6,2,6,4,6,6
D09211242,2,4,6,2,4,6,6,5
D09211243,0,4,6,2,6,6,6,6
D09211244,0,4,6,2,4,6,6,6
D09211245,0,4,6,2,6,6,6,6
D09211246,0,4,6,2,6,6,6,6
D09211247,0,4,6,2,6,6,6,6
D09211542,0,4,6,2,6,4,6,6
D09211650,0,4,6,2,6,4,6,6
D09211658,0,4,6,2,6,4,6,6
D09211659,0,4,6,2,6,4,6,6
D09211660,0,4,6,2,6,4,6,6
D09211661,0,4,6,2,6,4,6,6
D09211746,0,4,6,2,6,4,6,6
D09211829,0,4,6,2,6,4,6,6
D09211830,0,4,6,2,6,4,6,6
D09211831,0,4,6,2,6,4,6,5
D09211832,0,4,6,2,6,4,6,6
D09211833,0,4,6,2,6,6,6,6
D09211834,0,4,6,2,6,4,6,6
D09212191,0,4,6,2,6,6,6,6
D09212196,0,4,6,2,6,4,6,6
D09212198,0,4,6,2,6,4,6,6
D09212201,0,4,6,2,6,4,6,6
D09212202,0,4,6,2,6,6,6,6
D09212207,0,4,6,2,6,4,6,6
D09212208,0,4,6,2,6,4,6,6
D09212209,0,4,6,2,6,4,6,6
D09212210,0,4,6,2,6,4,6,6
D09212212,0,4,6,2,6,4,6,6
D09212224,0,4,6,2,6,4,6,6
D09212302,0,4,6,2,6,4,6,6
D09212303,0,4,6,2,6,4,6,6
D09212367,0,4,6,2,6,4,6,6
D09212497,0,4,6,2,6,4,6,6
D09212499,0,4,6,2,6,4,6,6
D09212650,0,4,6,2,6,4,6,5
D09212679,0,4,6,2,6,4,6,6
D09212686,0,4,6,2,6,4,6,5
D09212902,0,4,6,2,6,4,6,6
D09212983,0,4,6,2,6,4,6,6
D09212984,0,4,6,2,6,6,6,6
D09212985,0,4,6,2,4,6,6,6
D09212986,0,4,6,2,4,4,6,6
D09212987,0,4,6,2,4,6,6,5
D09212988,0,4,6,4,4,6,6,6
D09213073,0,4,6,2,6,6,6,6
D09213076,0,4,6,2,4,6,6,6
D09213077,0,4,6,2,6,6,6,6
D09213102,0,4,6,2,6,4,6,6
D09213282,0,4,6,2,6,4,6,6
D09220048,0,4,6,2,6,4,6,6
D09220049,0,4,6,2,6,4,6,6
D09220051,0,4,6,2,6,4,6,6
D09220052,0,4,6,2,6,4,6,6
D09220053,0,4,6,2,6,4,6,6
D09220054,0,4,6,2,6,4,6,6
D09220108,0,4,6,2,6,4,6,6
D09220123,0,4,6,2,6,4,6,6
D09220160,0,4,6,2,6,4,6,6
D09220306,0,4,6,2,6,4,6,6
D09220307,0,4,6,2,6,4,6,6
D09220771,0,4,6,2,6,4,6,6
D09220772,0,4,6,2,6,4,6,6
D09220773,0,4,6,2,6,4,6,6
D09220774,0,4,6,2,6,4,6,6
D09221272,0,4,6,2,6,4,6,6
D09221440,0,4,6,2,6,4,6,6
D09221489,0,4,6,2,6,4,6,6
D09221490,0,4,6,2,6,4,6,6
D09221491,0,4,6,2,6,4,6,6
D09221492,0,4,6,2,6,4,6,6
D09221493,0,4,6,2,6,4,6,6
D09221494,0,4,6,2,6,4,6,6
D09221495,0,4,6,2,6,4,6,6
D09222704,0,4,6,2,6,4,6,6
D09222705,0,4,6,4,4,4,6,6
D09222758,0,4,6,2,6,4,6,6
D09222759,0,4,6,2,6,4,6,6
D09222760,0,4,6,2,6,4,6,6
D09222761,0,4,6,2,6,4,6,6
D09222829,0,4,6,2,6,4,6,6
D09222830,0,4,6,2,6,4,6,6
D09230089,0,4,6,2,6,4,6,6
D09230238,0,4,6,2,6,4,6,6
D09230526,0,4,6,2,6,4,6,6
D09230527,0,4,6,2,6,4,6,6
D09230564,0,4,6,2,6,4,6,6
D09230565,0,4,6,2,6,4,6,6
D09230652,0,4,6,2,6,4,6,6
D09230667,0,4,6,2,6,4,6,6
D09230668,0,4,6,2,6,4,6,6
D09230669,0,4,6,2,6,4,6,6
D09230670,0,4,6,2,6,4,6,6
D09231832,0,4,6,2,6,4,6,6
D09231897,0,4,6,2,6,4,6,6
D09231966,0,4,6,2,6,4,6,6
D09231973,0,4,6,2,6,4,6,6
D09231974,0,4,6,2,6,4,6,6
D09232099,0,4,6,2,6,4,6,6
D09232100,0,4,6,2,6,4,6,6
D09232545,0,4,6,2,6,4,6,6
D09232546,0,4,6,2,6,4,6,6
D09232638,0,4,6,2,6,4,6,6
D09232639,0,4,6,2,6,4,6,6
D09232738,0,4,6,2,6,4,6,6
D10210041,0,4,6,2,6,4,6,6
D10210059,0,4,6,2,6,4,6,6
D10210731,0,4,6,2,6,4,6,6
D10210920,0,4,6,2,6,4,6,6
D10210921,0,4,6,2,6,4,6,6
D10210980,0,4,6,2,6,4,6,6
D10210981,0,4,6,2,6,4,6,6
D10211183,0,4,6,2,6,4,6,5
D10211184,0,4,6,2,6,4,6,6
D10211185,0,4,6,2,6,4,6,6
D10211186,0,4,6,2,6,4,6,6
D10211187,0,4,6,2,6,4,6,6
D10211195,0,4,6,2,6,4,6,6
D10211196,0,4,6,2,6,4,6,6
D10211197,0,4,6,2,6,4,6,6
D10211198,0,4,6,2,6,4,6,6
D10211199,0,4,6,2,6,4,6,6
D10211200,0,4,6,2,6,4,6,6
D10211201,0,4,6,2,6,4,6,6
D10211202,0,4,6,2,6,4,6,6
D10211203,0,4,6,2,6,4,6,6
D10211204,0,4,6,2,6,5,6,5
D10211205,0,4,6,2,6,6,6,5
D10211206,0,4,6,2,6,6,6,5
D10211207,0,4,6,2,6,6,6,5
D10211448,0,4,6,2,6,4,6,6
D10211449,0,4,6,2,6,4,6,6
D10211519,0,4,6,2,6,6,6,5
D10211520,0,4,6,2,4,6,6,6
D10211572,0,4,6,2,4,6,6,6
D10211573,0,4,6,2,6,4,6,6
D10211611,0,4,6,2,6,4,6,6
D10211677,0,4,6,2,6,4,6,6
D10212253,0,4,6,2,6,4,6,6
D10212254,0,4,6,2,6,4,6,6
D10212255,0,4,6,4,4,4,6,6
D10212299,0,4,6,2,6,4,6,6
D10212300,0,4,6,2,6,4,6,6
D10212301,0,4,6,2,6,4,6,6
D10212302,0,4,6,2,6,4,6,6
D10212303,0,4,6,2,6,4,6,6
D10212304,0,4,6,2,6,4,6,6
D10212305,0,4,6,2,6,4,6,6
D10212306,0,4,6,2,6,4,6,6
D10212307,0,4,6,2,6,4,6,6
D10212308,0,4,6,2,6,4,6,6
D10212309,0,4,6,2,6,4,6,6
D10212310,0,4,6,2,6,4,6,6
D10212721,0,4,6,2,6,6,6,6
D10212741,0,4,6,2,6,4,6,6
D10212742,0,4,6,2,6,4,6,6
D10212743,0,4,6,2,6,4,6,6
D10212773,0,4,6,2,4,4,6,6
D10212774,0,4,6,2,6,4,6,6
D10212868,0,4,6,2,6,4,6,6
D10212879,0,4,6,2,6,4,6,6
D10220473,0,4,6,2,6,4,6,6
D10220474,0,4,6,2,6,4,6,6
D10220475,0,4,6,2,6,4,6,6
D10220476,0,4,6,2,6,4,6,6
D10220494,0,4,6,2,6,4,6,6
D10220696,0,4,6,2,6,4,6,6
D10220717,0,4,6,2,6,4,6,6
D10220718,0,4,6,2,6,4,6,6
D10220719,0,4,6,4,4,6,6,6
D10220720,0,4,6,2,6,4,6,6
D10220721,0,4,6,2,6,4,6,6
D10220942,0,4,6,2,6,4,6,6
D10220943,0,4,6,2,6,4,6,6
D10221374,0,4,6,2,6,4,6,6
D10221375,0,4,6,2,6,4,6,6
D10221377,0,4,6,2,6,4,6,6
D10221378,0,4,6,2,6,4,6,6
D10222462,0,4,6,2,6,4,6,6
D10230338,0,4,6,2,6,4,6,6
D10230462,0,4,6,2,6,4,6,6
D10230712,0,4,6,2,6,4,6,6
D10230927,0,4,6,2,6,4,6,6
D10230928,0,4,6,2,6,4,6,6
D10230929,0,4,6,4,6,4,6,6
D10230933,0,4,6,2,6,4,6,6
D10231056,0,4,6,2,6,4,6,6
D10231139,0,4,6,2,6,4,6,6
D10231323,0,4,6,2,6,4,6,6
D10231836,0,4,6,2,6,4,6,6
D10231839,0,4,6,2,6,4,6,6
D10231840,0,4,6,2,6,4,6,6
D11210408,0,4,6,4,4,6,6,6
D11210409,0,4,6,2,4,6,6,5
D11210425,0,4,6,2,6,4,6,6
D11210809,0,4,6,2,6,4,6,6
D11210810,0,4,6,2,6,4,6,6
D11210811,0,4,6,2,6,4,6,6
D11210816,0,4,6,2,6,4,6,6
D11210897,0,4,6,2,6,4,6,6
D11210898,0,4,6,2,6,4,6,6
D11210899,0,4,6,2,6,4,6,6
D11210976,0,4,6,2,6,4,6,6
D11210977,0,4,6,2,6,6,6,6
D11210978,0,4,6,2,6,4,6,6
D11210979,0,4,6,2,6,4,6,6
D11211018,0,4,6,2,6,4,6,6
D11211099,0,4,6,2,6,6,6,6
D11211100,0,4,6,2,6,6,6,6
D11211102,0,4,6,2,6,6,6,6
D11211104,0,4,6,2,6,5,6,6
D11211105,0,4,6,2,6,4,6,6
D11211106,0,4,6,2,6,6,6,5
D11211107,0,4,6,2,6,6,6,6
D11211110,0,4,6,2,6,6,6,6
D11211111,0,4,6,2,6,4,6,6
D11211112,0,4,6,2,6,4,6,6
D11211113,0,4,6,2,6,6,6,6
D11211114,0,4,6,2,6,4,6,6
D11211115,0,4,6,2,6,4,6,5
D11211116,0,4,6,2,6,4,6,6
D11211117,0,4,6,2,6,4,6,6
D11211118,0,4,6,2,4,6,6,6
D11211154,0,4,6,2,6,4,6,6
D11211155,0,4,6,2,6,4,6,6
D11211278,0,4,6,2,4,6,6,6
D11211279,0,4,6,2,6,4,6,6
D11211362,0,4,6,2,6,4,6,6
D11211363,0,4,6,2,6,6,6,6
D11211364,0,4,6,2,6,4,6,6
D11211365,0,4,6,2,6,4,6,6
D11211367,0,4,6,2,6,4,6,6
D11211861,0,4,6,2,6,4,6,6
D11211862,0,4,6,2,6,4,6,6
D11211863,0,4,6,2,6,4,6,6
D11211864,0,4,6,2,6,4,6,6
D11211865,0,4,6,2,6,4,6,6
D11211866,0,4,6,2,6,4,6,6
D11211867,0,4,6,2,6,4,6,6
D11211868,0,4,6,2,6,4,6,6
D11211869,0,4,6,2,6,4,6,6
D11211988,0,4,6,2,6,4,6,6
D11212230,0,4,6,2,6,4,6,6
D11212326,0,4,6,2,6,4,6,6
D11212340,0,4,6,2,4,6,6,5
D11212341,0,4,6,2,6,4,6,6
D11212343,0,4,6,2,6,4,6,6
D11212344,0,4,6,2,6,4,6,6
D11212345,0,4,6,2,6,4,6,6
D11212347,0,4,6,2,4,6,6,5
D11212348,0,4,6,2,6,4,6,6
D11212349,0,4,6,2,6,4,6,6
D11212350,0,4,6,2,6,4,6,6
D11212351,0,4,6,2,6,4,6,6
D11212352,0,4,6,2,6,4,6,6
D11212397,0,4,6,2,6,4,6,6
D11212398,0,4,6,2,6,4,6,6
D11212400,0,4,6,2,6,4,6,6
D11212520,0,4,6,2,6,4,6,6
D11212591,0,4,6,2,6,6,6,6
D11212592,0,4,6,2,4,6,6,5
D11212594,0,4,6,2,6,4,6,6
D11212595,0,4,6,2,4,6,6,5
D11212596,0,4,6,2,6,4,6,6
D11212597,0,4,6,2,6,4,6,6
D11212641,0,4,6,2,6,4,6,6
D11212852,0,4,6,2,6,6,6,6
D11212853,0,4,6,2,6,6,6,6
D11212854,0,4,6,2,6,6,6,6
D11212855,0,4,6,2,4,6,6,5
D11212856,0,4,6,2,6,6,6,5
D11212857,0,4,6,2,4,6,6,5
D11212858,0,4,6,2,4,6,6,5
D11220072,0,4,6,2,6,4,6,6
D11220073,0,4,6,2,6,4,6,6
D11220074,0,4,6,2,6,4,6,6
D11220075,0,4,6,2,6,4,6,6
D11220076,0,4,6,2,6,4,6,6
D11220077,0,4,6,2,6,4,6,6
D11220229,0,4,6,2,6,4,6,6
D11220230,0,4,6,2,6,4,6,6
D11220963,0,4,6,2,6,4,6,6
D11220964,0,4,6,2,6,4,6,6
D11220965,0,4,6,2,6,4,6,6
D11220966,0,4,6,2,6,4,6,6
D11221167,0,4,6,2,6,4,6,6
D11221483,0,4,6,2,6,4,6,6
D11221490,0,4,6,2,6,4,6,6
D11221890,0,4,6,2,6,4,6,6
D11221891,0,4,6,2,6,4,6,6
D11221896,0,4,6,2,6,4,6,6
D11222094,0,4,6,2,6,4,6,6
D11222186,0,4,6,2,6,4,6,6
D11222346,0,4,6,2,6,4,6,6
D11222347,0,4,6,2,6,4,6,6
D11222348,0,4,6,2,6,4,6,6
D11222545,0,4,6,2,6,4,6,6
D11222546,0,4,6,2,6,4,6,6
D11230232,0,4,6,2,6,4,6,6
D11230233,0,4,6,2,6,4,6,6
D11230743,0,4,6,2,6,4,6,6
D11230745,0,4,6,2,6,4,6,6
D11231016,0,4,6,2,6,4,6,6
D11231018,0,4,6,2,4,4,6,6
D11231019,0,4,6,2,6,4,6,6
D11231020,0,4,6,2,4,6,6,6
D11231023,0,4,6,2,6,4,6,6
D11231027,0,4,6,2,6,4,6,6
D11231732,0,4,6,2,6,4,6,6
D11232110,0,4,6,2,6,4,6,6
D11232885,0,4,6,2,6,4,6,6
D11232886,0,4,6,2,6,4,6,6
D12210089,0,4,6,2,6,6,6,6
D12210090,0,4,6,2,6,4,6,6
D12210214,0,4,6,2,6,4,6,6
D12210332,0,4,6,2,6,4,6,6
D12210333,0,4,6,2,6,4,6,6
D12210339,0,4,6,2,4,6,6,6
D12210340,0,4,6,2,6,4,6,6
D12210342,0,4,6,2,6,5,6,5
D12210343,0,4,6,2,6,4,6,6
D12210730,0,4,6,2,6,4,6,6
D12210731,0,4,6,2,6,4,6,6
D12210740,0,4,6,2,6,4,6,6
D12210741,0,4,6,2,6,4,6,6
D12210962,0,4,6,2,6,6,6,6
D12211062,0,4,6,2,6,4,6,6
D12211136,0,4,6,2,6,4,6,6
D12211379,0,4,6,2,6,4,6,6
D12211407,0,4,6,2,6,4,6,6
D12211408,0,4,6,2,6,4,6,6
D12211540,0,4,6,2,6,4,6,6
D12211541,0,4,6,2,6,4,6,6
D12211542,0,4,6,2,6,4,6,6
D12211543,0,4,6,2,6,4,6,6
D12211579,0,4,6,2,6,4,6,6
D12211580,0,4,6,2,6,4,6,6
D12211581,0,4,6,2,6,4,6,6
D12211582,0,4,6,2,6,4,6,6
D12211630,0,4,6,2,6,4,6,6
D12211631,0,4,6,2,6,4,6,6
D12211632,0,4,6,2,6,4,6,6
D12211633,0,4,6,2,6,4,6,6
D12211634,0,4,6,2,6,4,6,6
D12211635,0,4,6,2,6,6,6,6
D12211636,0,4,6,2,6,6,6,6
D12211700,0,4,6,2,6,6,6,6
D12211701,0,4,6,2,6,4,6,6
D12211702,0,4,6,2,6,4,6,6
D12211703,0,4,6,2,6,4,6,6
D12211739,2,4,6,2,4,6,6,5
D12211740,0,4,6,2,4,6,6,6
D12211741,0,4,6,2,4,6,6,5
D12211742,0,4,6,2,6,4,6,6
D12211943,0,4,6,2,6,4,6,6
D12211944,0,4,6,2,6,4,6,6
D12212056,0,4,6,2,6,6,6,5
D12212057,0,4,6,2,6,4,6,6
D12212132,2,4,6,2,4,6,6,5
D12212162,0,4,6,2,6,4,6,6
D12212163,0,4,6,2,6,4,6,6
D12212164,0,4,6,2,6,6,6,6
D12212276,0,4,6,2,6,4,6,6
D12212430,0,4,6,2,6,6,6,6
D12212431,0,4,6,2,4,6,6,5
D12212432,0,4,6,2,6,4,6,6
D12212433,0,4,6,2,6,4,6,6
D12212522,0,4,6,2,6,4,6,6
D12212543,0,4,6,2,6,6,6,6
D12212544,0,4,6,2,6,4,6,6
D12212545,0,4,6,2,6,4,6,6
D12212568,0,4,6,2,6,4,6,6
D12212714,0,4,6,2,6,4,6,6
D12212715,0,4,6,2,6,4,6,6
D12212716,0,4,6,2,6,4,6,6
D12212717,0,4,6,2,6,4,6,6
D12212718,0,4,6,2,4,6,6,6
D12212719,0,4,6,2,6,4,6,6
D12212729,0,4,6,2,6,4,6,6
D12212730,0,4,6,2,6,4,6,6
D12212733,0,4,6,2,6,4,6,6
D12212734,0,4,6,2,6,4,6,6
D12212812,0,4,6,2,6,4,6,6
D12212841,0,4,6,4,4,4,6,6
D12212842,0,4,6,2,6,4,6,6
D12221368,0,4,6,2,6,4,6,6
D12221369,0,4,6,2,6,4,6,6
D12221670,0,4,6,2,6,4,6,6
D12221796,0,4,6,2,6,4,6,6
D12221797,0,4,6,2,6,4,6,6
D12221798,0,4,6,2,6,4,6,6
D12221799,0,4,6,2,6,4,6,6
D12221800,0,4,6,2,6,4,6,6
D12221801,0,4,6,2,6,4,6,6
D12222052,0,4,6,2,6,4,6,6
D12222053,0,4,6,2,6,4,6,6
D12222054,0,4,6,2,6,4,6,6
D12222391,0,4,6,2,6,4,6,6
D12222392,0,4,6,2,6,4,6,6
D12222393,0,4,6,2,6,4,6,6
D12222394,0,4,6,2,6,4,6,6
D12222395,0,4,6,2,6,4,6,6
D12222396,0,4,6,2,6,4,6,6
D12222730,0,4,6,2,6,4,6,6
D12222731,0,4,6,2,6,4,6,6
D12222732,0,4,6,2,6,4,6,6
D12231225,0,4,6,2,6,4,6,6
D12231721,0,4,6,2,6,4,6,6
D12231722,0,4,6,2,6,4,6,6
D12232273,0,4,6,2,6,4,6,6
F01220349,0,4,6,2,6,4,6,6
F01220351,0,4,6,2,6,4,6,6
F01220358,0,4,6,2,4,6,6,6
F01220562,0,4,6,2,6,4,6,6
F01221694,0,4,6,2,6,4,6,6
F01221717,0,4,6,2,6,4,6,6
F01221811,0,4,6,2,6,4,6,6
F01222032,0,4,6,2,6,4,6,6
F01222033,0,4,6,2,6,4,6,6
F01222034,0,4,6,2,6,4,6,6
F01222266,0,4,6,2,6,4,6,6
F01222267,0,4,6,2,6,4,6,6
F01222268,0,4,6,2,6,4,6,6
F01222270,0,4,6,2,6,4,6,6
F01222271,0,4,6,2,6,4,6,6
F01222347,0,4,6,2,6,4,6,6
F01222888,0,4,6,2,6,4,6,6
F01222889,0,4,6,2,6,4,6,6
F01240932,0,4,6,2,6,4,6,6
F01242335,0,4,6,2,6,4,6,6
F02212794,0,4,6,2,6,4,6,6
F02220579,0,4,6,2,6,4,6,6
F02220829,0,4,6,2,6,4,6,6
F02220838,0,4,6,2,6,4,6,6
F02220839,0,4,6,2,6,4,6,6
F02220840,0,4,6,2,6,4,6,6
F02220841,0,4,6,2,6,4,6,6
F02221507,0,4,6,2,6,4,6,6
F02221529,0,4,6,2,4,4,6,6
F02221560,0,4,6,2,6,4,6,6
F02221561,0,4,6,2,6,4,6,6
F02221563,0,4,6,2,6,4,6,5
F02221596,0,4,6,2,6,4,6,5
F02232179,0,4,6,2,6,4,6,6
F02241166,0,4,6,2,6,4,6,6
F03221250,0,4,6,2,6,4,6,6
F03221434,0,4,6,2,6,4,6,6
F03221643,0,4,6,2,4,4,6,6
F03221662,0,4,6,2,6,4,6,6
F03231597,0,4,6,2,6,4,6,6
F03231598,0,4,6,2,6,4,6,6
F03231599,0,4,6,2,6,4,6,6
F03231600,0,4,6,2,6,4,6,6
F03231603,0,4,6,2,6,4,6,6
F03231604,0,4,6,2,6,4,6,6
F03231605,0,4,6,2,6,4,6,6
F03231606,0,4,6,2,6,4,6,6
F03232494,0,4,6,2,6,4,6,6
F03232495,0,4,6,2,6,4,6,6
F03232496,0,4,6,2,6,4,6,6
F04221746,0,4,6,2,6,4,6,6
F04231405,0,4,6,2,6,4,6,6
F05220509,0,4,6,2,6,4,6,6
F05220530,0,4,6,2,6,4,6,6
F06210281,0,4,6,2,6,4,6,6
F06212614,0,4,6,2,6,4,6,6
F07221213,0,4,6,2,6,4,6,6
F07222904,0,4,6,2,6,4,6,6
F07222905,0,4,6,2,6,4,6,6
F07222907,0,4,6,2,6,4,6,6
F07222908,0,4,6,2,6,4,6,6
F07222909,0,4,6,2,6,4,6,6
F08210264,0,4,6,2,6,4,6,6
F08210480,0,4,6,2,6,4,6,6
F08210683,0,4,6,2,6,4,6,6
F08211486,0,4,6,2,6,4,6,6
F08211487,0,4,6,2,6,4,6,6
F08211593,0,4,6,2,6,4,6,6
F08211595,0,4,6,2,6,4,6,6
F08211608,0,4,6,2,6,4,6,6
F08211642,0,4,6,2,6,4,6,6
F08211643,0,4,6,2,6,4,6,6
F08211644,0,4,6,2,6,4,6,6
F08211966,0,4,6,2,6,6,6,6
F08212108,0,4,6,2,6,4,6,6
F08212201,0,4,6,4,4,4,6,6
F08212357,0,4,6,2,6,4,6,6
F08230035,0,4,6,2,6,4,6,6
F09210256,0,4,6,2,4,6,6,6
F09210766,0,4,6,2,6,4,6,6
F09211507,0,4,6,2,6,6,6,6
F09211844,0,4,6,2,6,4,6,6
F09212554,0,4,6,2,6,4,6,6
F09212604,0,4,6,2,6,4,6,6
F10210719,0,4,6,2,6,4,6,6
F10210834,0,4,6,2,6,4,6,6
F10211215,0,4,6,2,6,4,6,6
F10211526,0,4,6,2,4,6,6,6
F10211986,0,4,6,2,6,4,6,6
F10212829,0,4,6,2,6,4,6,6
F10212857,0,4,6,2,6,4,6,6
F10222694,0,4,6,2,6,4,6,6
F10222695,0,4,6,2,6,4,6,6
F10230107,0,4,6,2,6,4,6,6
F10230171,0,4,6,2,6,4,6,6
F10230296,0,4,6,2,6,4,6,6
F10231071,0,4,6,2,6,4,6,6
F11210434,0,4,6,2,6,4,6,6
F11210435,0,4,6,2,6,4,6,6
F11210436,0,4,6,2,6,4,6,6
F11211135,0,4,6,2,6,4,6,6
F11211136,0,4,6,2,6,4,6,6
F11212434,0,4,6,2,6,4,6,6
F11212441,0,4,6,2,6,4,6,6
F11220374,0,4,6,2,6,4,6,6
F11220376,0,4,6,2,6,4,6,6
F11220377,0,4,6,2,6,4,6,6
F11220378,0,4,6,2,6,4,6,6
F11220877,0,4,6,2,6,4,6,6
F11223055,0,4,6,2,6,4,6,6
F12210838,0,4,6,2,6,4,6,6
F12210839,0,4,6,2,6,4,6,6
F12211126,0,4,6,2,6,4,6,6
F12211127,0,4,6,2,6,4,6,6
F12211128,0,4,6,2,6,4,6,6
F12211409,0,4,6,2,6,4,6,6
F12211410,0,4,6,2,6,4,6,6
F12212322,0,4,6,2,6,4,6,6
F12212324,0,4,6,2,6,4,6,6
F12212365,0,4,6,2,6,4,6,6
F12220172,0,4,6,2,6,4,6,6
F12220173,0,4,6,2,6,4,6,6
F12230137,0,4,6,2,6,4,6,6
F12230293,0,4,6,2,6,4,6,6
F12230552,0,4,6,2,6,4,6,6
F12231419,0,4,6,2,6,4,6,6
F12232202,0,4,6,2,6,4,6,6
F12232240,0,4,6,2,6,4,6,6
F12232255,0,4,6,2,6,4,6,6
G01221726,0,4,6,2,6,4,6,6
G01222553,0,4,6,2,6,4,6,6
G01222554,0,4,6,2,6,4,6,6
G01222555,0,4,6,2,6,4,6,6
G01222557,0,4,6,2,6,4,6,6
G01222558,0,4,6,2,6,4,6,6
G01232116,0,4,6,2,6,4,6,6
G01232117,0,4,6,2,6,4,6,6
G02220828,0,4,6,2,6,4,6,6
G12220725,0,4,6,2,6,4,6,6
G12220726,0,4,6,2,6,4,6,6
G12220727,0,4,6,2,6,4,6,6
G12220728,0,4,6,2,6,4,6,6
G12222664,0,4,6,2,6,4,6,6
G12222665,0,4,6,2,6,4,6,6
P11220792,0,4,6,2,4,6,6,6
P11220793,0,4,6,2,4,6,6,6
Z01230690,0,4,6,2,6,4,6,6
Z01230691,0,4,6,2,6,4,6,6
Z01230788,0,4,6,2,6,4,6,6
Z01230789,0,4,6,2,6,4,6,6
Z01230790,0,4,6,2,6,6,6,6
Z01230796,0,4,6,2,6,4,6,6
Z01230797,0,4,6,2,6,4,6,6
Z01230798,0,4,6,2,6,4,6,6
Z01230806,0,4,6,2,6,4,6,6
Z01230807,0,4,6,2,6,4,6,6
Z01230808,0,4,6,2,6,4,6,6
Z01230811,0,4,6,2,6,4,6,6
Z01230812,0,4,6,2,6,4,6,6
Z01230813,0,4,6,2,6,4,6,6
Z01230814,0,4,6,2,6,4,6,6
Z01230815,0,4,6,2,6,4,6,6
Z01231005,0,4,6,2,4,6,6,5
Z01231007,0,4,6,2,6,4,6,6
Z01231012,0,4,6,2,6,4,6,6
Z01231015,0,4,6,2,6,4,6,6
Z01231568,0,4,6,2,6,4,6,6
Z01231765,0,4,6,2,6,4,6,6
Z01231768,0,4,6,2,6,4,6,6
Z01231779,0,4,6,2,6,6,6,6
Z01231780,0,4,6,2,6,4,6,6
Z01231781,0,4,6,2,6,4,6,6
Z01231782,0,4,6,2,6,6,6,6
Z01240074,0,4,6,2,6,4,6,6
Z01240208,0,4,6,2,6,4,6,6
Z01240216,0,4,6,2,6,4,6,6
Z01240219,0,4,6,2,6,4,6,6
Z01240223,0,4,6,2,6,4,6,6
Z01240224,0,4,6,2,6,4,6,6
Z01241192,0,4,6,2,6,4,6,6
Z01241193,0,4,6,2,6,4,6,6
Z01241302,0,4,6,2,6,4,6,6
Z01241530,0,4,6,2,6,4,6,6
Z01241532,0,4,6,2,6,4,6,6
Z01242151,0,4,6,2,6,4,6,6
Z01242154,0,4,6,2,6,4,6,6
Z01242155,0,4,6,2,6,4,6,6
Z01242158,0,4,6,2,6,4,6,6
Z01242785,0,4,6,2,6,4,6,6
Z02232541,0,4,6,2,6,4,6,6
Z02232718,0,4,6,2,6,4,6,6
Z02232725,0,4,6,2,6,4,6,6
Z02232729,0,4,6,2,6,4,6,6
Z02232736,2,4,6,2,4,6,6,5
Z02240458,0,4,6,2,6,4,6,6
Z04230343,0,4,6,2,6,4,6,6
Z04230525,0,4,6,2,6,4,6,6
Z04231490,0,4,6,2,6,4,6,6
Z04231507,0,4,6,2,6,4,6,6
Z04231509,0,4,6,2,6,4,6,6
Z05220896,0,4,6,2,6,4,6,6
Z05220897,0,4,6,4,4,4,6,6
Z05221984,2,4,6,2,4,6,6,5
Z05221985,0,4,6,2,6,4,6,6
Z05221986,0,4,6,2,6,4,6,6
Z05221987,0,4,6,2,6,4,6,6
Z05221988,0,4,6,2,6,4,6,6
Z05221989,0,4,6,2,6,4,6,6
Z05221990,0,4,6,2,6,4,6,6
Z05221992,0,4,6,2,6,4,6,6
Z05221993,0,4,6,2,6,4,6,6
Z05221994,0,4,6,2,6,4,6,6
Z05221995,0,4,6,2,6,4,6,6
Z05221996,0,4,6,2,6,4,6,6
Z05221997,0,4,6,2,6,4,6,6
Z05221998,0,4,6,2,6,4,6,6
Z05221999,0,4,6,2,6,4,6,6
Z05222000,0,4,6,2,6,4,6,6
Z05222002,0,4,6,2,6,4,6,6
Z05222004,0,4,6,2,6,4,6,6
Z05222009,0,4,6,2,6,4,6,6
Z05222010,0,4,6,2,6,4,6,6
Z05222156,0,4,6,2,6,4,6,6
Z05223289,0,4,6,2,6,4,6,6
Z05223290,0,4,6,2,4,6,6,5
Z05223291,0,4,6,2,4,6,6,5
Z05223292,0,4,6,2,4,6,6,5
Z05223293,0,4,6,2,4,6,6,5
Z05223294,0,4,6,2,4,6,6,5
Z05223295,0,4,6,2,6,4,6,6
Z05223296,0,4,6,2,4,6,6,6
Z05223297,0,4,6,2,6,4,6,6
Z05223304,0,4,6,2,4,6,6,5
Z05223550,0,4,6,2,6,4,6,6
Z05223551,0,4,6,2,6,4,6,6
Z05223552,0,4,6,2,6,6,6,6
Z05223553,0,4,6,2,6,4,6,6
Z05223554,2,4,6,2,4,6,6,5
Z05223555,2,4,6,2,4,6,6,5
Z05223556,0,4,6,2,6,4,6,6
Z05223557,0,4,6,2,4,6,6,5
Z05223558,0,4,6,2,6,4,6,6
Z05223559,0,4,6,2,6,4,6,6
Z05223560,0,4,6,2,6,4,6,6
Z05230238,0,4,6,2,6,4,6,6
Z05231275,0,4,6,2,6,4,6,6
Z05231635,0,4,6,2,6,4,6,6
Z05232232,0,4,6,2,6,4,6,6
Z05232233,0,4,6,2,6,4,6,6
Z05232234,0,4,6,2,6,4,6,6
Z05232822,0,4,6,4,4,6,6,6
Z05232823,0,4,6,2,6,4,6,6
Z05232826,0,4,6,2,6,4,6,6
Z05232827,0,4,6,2,6,4,6,6
Z05232828,0,4,6,2,6,4,6,6
Z06220767,0,4,6,2,4,4,6,6
Z06220768,0,4,6,4,4,4,6,6
Z06220770,0,4,6,2,6,4,6,6
Z06220771,0,4,6,2,4,6,6,5
Z06220772,0,4,6,4,4,6,6,6
Z06220773,0,4,6,2,6,4,6,6
Z06220774,0,4,6,2,6,4,6,5
Z06220775,0,4,6,2,6,4,6,6
Z06220776,0,4,6,2,6,4,6,6
Z06220777,0,4,6,2,6,4,6,6
Z06220778,0,4,6,2,6,4,6,6
Z06220779,2,4,6,2,4,6,6,5
Z06220780,2,4,6,2,4,6,6,5
Z06220782,0,4,6,2,6,4,6,6
Z06220784,2,4,6,2,4,6,6,5
Z06220785,0,4,6,2,4,6,6,5
Z06220786,0,4,6,2,4,6,6,5
Z06220812,0,4,6,2,6,4,6,6
Z06220814,2,4,6,2,4,6,6,5
Z06220816,0,4,6,2,4,6,6,5
Z06221633,0,4,6,2,6,4,6,6
Z06221634,0,4,6,2,6,4,6,6
Z06221636,0,4,6,2,6,4,6,6
Z06221637,0,4,6,2,6,6,6,6
Z06221638,0,4,6,2,6,4,6,6
Z06222589,0,4,6,2,4,6,6,5
Z06222591,0,4,6,2,6,6,6,5
Z06222592,0,4,6,2,6,4,6,6
Z06222593,2,4,6,2,4,6,6,5
Z06222594,2,4,6,2,4,6,6,5
Z06222595,0,4,6,2,6,4,6,6
Z06222596,2,4,6,2,4,6,6,5
Z06222597,0,4,6,2,4,6,6,5
Z06222598,0,4,6,2,6,6,6,6
Z06222599,2,4,6,2,4,6,6,5
Z06222600,0,4,6,2,4,6,6,5
Z06222601,0,4,6,2,6,4,6,6
Z06222602,2,4,6,2,4,6,6,5
Z06222603,0,4,6,2,6,4,6,6
Z06231814,0,4,6,2,6,4,6,6
Z07221495,0,4,6,2,6,6,6,6
Z07221550,2,4,6,4,4,6,6,5
Z07221551,2,4,6,4,4,6,6,6
Z07221552,2,4,6,4,4,6,6,5
Z07221553,2,4,6,4,4,6,6,6
Z07221554,0,4,6,2,6,4,6,6
Z07221555,0,4,6,2,4,6,6,6
Z07221560,0,4,6,2,6,4,6,6
Z07221561,2,4,6,2,4,6,6,5
Z07221562,2,4,6,2,4,6,6,5
Z07221563,0,4,6,2,6,4,6,6
Z07221565,0,4,6,2,4,6,6,5
Z07221569,0,4,6,2,6,4,6,6
Z07221571,0,4,6,2,6,6,6,6
Z07221572,0,4,6,2,6,4,6,6
Z07221573,0,4,6,2,6,6,6,6
Z07221574,0,4,6,2,6,4,6,6
Z07221575,0,4,6,2,6,6,6,6
Z07221576,0,4,6,2,6,6,6,6
Z07221577,0,4,6,2,6,6,6,6
Z07230377,0,4,6,2,6,4,6,6
Z07231630,0,4,6,2,6,4,6,6
Z07231683,0,4,6,2,6,4,6,6
Z07231687,0,4,6,2,6,4,6,6
Z08220040,2,4,6,2,4,6,6,5
Z08220041,0,4,6,2,4,6,6,5
Z08220043,0,4,6,2,6,4,6,6
Z08220045,0,4,6,2,4,6,6,6
Z08220046,0,4,6,2,6,4,6,6
Z08220048,2,4,6,4,4,6,6,6
Z08220049,0,4,6,4,4,6,6,6
Z08220050,0,4,6,2,6,5,6,5
Z08220051,2,4,6,2,4,6,6,5
Z08220057,0,4,6,2,6,4,6,6
Z08220058,0,4,6,2,6,4,6,6
Z08220060,0,4,6,2,6,6,6,6
Z08220061,0,4,6,2,4,6,6,5
Z08220062,0,4,6,2,6,6,6,6
Z08220063,0,4,6,2,6,4,6,6
Z08220066,0,4,6,2,6,6,6,6
Z08220068,0,4,6,2,6,4,6,6
Z08221170,0,4,6,2,6,4,6,6
Z08231091,0,4,6,2,6,4,6,6
Z08231769,0,4,6,2,6,4,6,6
Z08231868,0,4,6,2,6,4,6,6
Z08231961,0,4,6,2,6,4,6,6
Z09220030,0,4,6,2,6,4,6,6
Z09220034,0,4,6,2,4,6,6,5
Z09220035,0,4,6,2,4,6,6,5
Z09220036,0,4,6,2,6,4,6,6
Z09220309,0,4,6,2,6,4,6,6
Z09220447,0,4,6,2,6,4,6,6
Z09221156,0,4,6,2,6,6,6,6
Z09230092,0,4,6,2,6,4,6,6
Z09230093,0,4,6,2,6,4,6,6
Z09230157,0,4,6,2,6,4,6,6
Z09231697,0,4,6,2,6,4,6,6
Z09231710,0,4,6,2,6,4,6,6
Z09231712,0,4,6,2,6,4,6,6
Z09231713,0,4,6,2,6,4,6,6
Z09231714,0,4,6,2,6,4,6,6
Z10221033,0,4,6,2,6,4,6,6
Z10221108,0,4,6,2,6,4,6,6
Z10221111,0,4,6,2,6,4,6,6
Z10221116,0,4,6,2,6,4,6,6
Z10221120,2,4,6,4,4,6,6,6
Z10221121,0,4,6,2,4,6,6,5
Z10221123,2,4,6,4,4,6,6,6
Z10221228,0,4,6,2,6,4,6,6
Z10221230,0,4,6,2,6,4,6,6
Z10222491,2,4,6,4,4,6,6,6
Z10222503,0,4,6,2,4,6,6,6
Z10230380,0,4,6,2,6,4,6,6
Z10231160,0,4,6,2,6,4,6,6
Z10231161,0,4,6,2,6,4,6,6
Z11221396,0,4,6,2,4,6,6,5
Z11221398,2,4,6,4,4,6,6,5
Z11221399,0,4,6,2,6,4,6,6
Z11221406,0,4,6,2,6,4,6,6
Z11221407,0,4,6,2,6,4,6,6
Z11221409,0,4,6,2,6,4,6,6
Z11221411,2,4,6,2,4,6,6,5
Z11221413,2,4,6,4,4,6,6,5
Z11222098,0,4,6,2,6,4,6,6
Z11222661,0,4,6,2,6,4,6,6
Z11230128,0,4,6,2,6,4,6,6
Z11230351,0,4,6,2,6,4,6,6
Z11232011,0,4,6,2,6,4,6,6
Z11232012,0,4,6,2,6,4,6,5
Z11232706,0,4,6,2,6,4,6,6
Z11232707,0,4,6,2,6,4,6,6
Z11232708,0,4,6,2,6,4,6,6
Z11232782,0,4,6,2,6,4,6,6
Z11232783,0,4,6,2,6,4,6,6
Z11232784,0,4,6,2,4,6,6,5
Z11232789,0,4,6,2,4,6,6,6
Z11232793,0,4,6,4,4,6,6,6
Z11232795,2,4,6,4,4,6,6,6
Z12222038,0,4,6,2,4,6,6,5
Z12222039,0,4,6,2,6,4,6,6
Z12222045,0,4,6,2,6,4,6,6
Z12222046,0,4,6,2,6,4,6,6
Z12222047,0,4,6,2,6,4,6,6
Z12222048,0,4,6,2,6,4,6,6
Z12230376,0,4,6,2,6,4,6,6
Z12230412,0,4,6,2,4,4,6,6
Z12230413,0,4,6,2,6,4,6,6
Z12230414,0,4,6,2,6,4,6,6
Z12231474,0,4,6,2,6,4,6,6
Z12231612,0,4,6,2,6,4,6,6
Z12231787,0,4,6,2,6,4,6,6
Z12231788,0,4,6,2,6,4,6,6
Z12232285,0,4,6,2,6,4,6,6
Z12232287,0,4,6,2,6,4,6,6
Z12232288,0,4,6,2,6,4,6,6
Z12232289,0,4,6,2,6,4,6,6
