,132,135,154,155,160,179
D01211557,1.5,2.5,0.5,1.5,0.0,1.5
D01220257,1.5,1.0,0.0,1.0,2.0,1.5
D01220258,0.5,2.0,0.0,1.0,1.0,1.5
D01220924,3.0,3.0,0.0,1.0,0.0,2.0
D01220946,0.0,0.5,0.0,0.0,0.0,0.5
D01220947,0.5,1.0,0.0,1.0,0.0,2.0
D01220948,2.0,2.5,0.0,1.0,0.0,2.0
D01221083,1.0,2.0,0.0,2.0,2.0,2.0
D01221084,1.0,2.0,0.0,1.0,1.0,2.5
D01221085,1.0,2.0,0.0,1.0,0.5,2.0
D01221086,1.5,2.0,0.0,1.0,0.5,2.5
D01221088,1.0,1.0,0.0,1.0,1.0,2.5
D01221089,0.5,1.0,0.0,1.0,0.5,2.5
D01221090,2.0,2.0,0.0,1.0,0.5,2.5
D01221091,2.0,2.0,0.0,1.0,1.0,1.5
D01221092,1.0,2.0,0.0,1.0,1.0,2.0
D01221093,1.0,2.0,0.0,1.0,0.0,3.0
D01221094,1.0,1.0,0.0,1.0,1.0,3.0
D01221098,1.0,0.0,0.0,1.0,0.5,2.5
D01221100,1.0,1.0,2.0,1.0,0.5,2.0
D01221101,1.0,1.0,0.5,1.0,0.5,2.5
D01221103,1.0,1.0,0.0,1.0,0.0,1.5
D01221105,1.0,0.5,0.0,1.0,0.0,2.0
D01221107,1.0,1.0,0.0,1.0,0.0,3.0
D01221128,1.5,0.0,0.0,1.0,0.0,2.0
D01221129,2.5,2.0,0.0,1.0,0.5,2.5
D01221130,1.5,1.5,0.0,1.0,0.5,2.5
D01221139,1.0,1.0,0.5,1.5,1.0,2.5
D01221140,1.5,1.5,0.0,1.0,0.5,2.5
D01221670,1.0,2.0,0.0,1.0,1.0,2.0
D01221695,1.0,2.0,2.0,3.0,0.0,1.0
D01221784,0.5,0.0,0.5,2.0,0.0,2.0
D01221848,0.5,0.0,0.0,1.5,0.5,1.0
D01221946,0.0,0.0,0.0,1.0,0.0,1.0
D01221978,1.0,1.0,0.0,1.0,0.0,1.0
D01222041,0.5,1.0,0.0,1.0,0.5,2.0
D01222198,3.0,2.0,0.0,1.0,0.5,2.5
D01222283,0.5,1.0,0.0,1.0,0.5,2.0
D01222308,2.5,1.5,0.0,1.5,0.5,2.0
D01222310,1.0,2.0,0.0,1.0,0.0,2.0
D01222455,3.5,1.6666666666666667,1.3333333333333333,2.5,0.0,3.25
D01222456,1.5,1.5,0.5,1.5,0.0,0.5
D01222457,1.5,2.0,0.0,1.0,0.0,1.0
D01222518,1.0,1.5,0.0,1.5,1.5,2.5
D01222520,1.0,1.5,1.0,1.0,0.0,1.5
D01222525,2.5,2.0,1.0,0.5,0.5,3.0
D01222526,1.0,3.0,0.0,1.0,0.5,2.0
D01222527,1.0,1.0,1.0,0.5,0.0,2.0
D01222528,0.5,0.5,0.0,1.0,0.0,1.0
D01222685,1.0,2.0,0.0,2.0,1.0,2.0
D01222878,2.0,2.0,0.0,1.0,1.0,2.5
D01230195,2.0,0.0,0.0,1.0,0.0,1.0
D01230196,2.0,0.0,0.0,1.0,0.0,1.3333333333333333
D01230782,0.0,0.0,0.0,0.0,0.0,1.0
D01230783,0.0,0.0,0.0,0.0,0.0,1.0
D01230884,1.0,1.0,0.5,1.5,1.0,3.0
D01230886,1.0,0.0,0.0,1.0,2.0,3.0
D01240983,1.5,0.0,0.5,0.5,2.0,1.0
D01241097,0.5,1.0,0.0,0.5,0.0,1.0
D01241098,0.5,0.0,0.0,2.0,0.5,1.0
D01241468,0.5,1.0,0.0,1.0,0.5,1.0
D01241469,1.0,1.0,1.0,1.0,0.0,1.0
D01241470,1.0,0.5,1.0,1.0,1.0,2.0
D01241516,1.0,0.5,0.5,0.5,0.0,2.0
D01242205,1.0,0.0,0.0,0.5,0.0,1.5
D01242488,2.0,2.5,0.0,1.0,0.5,1.0
D01242630,0.5,0.0,0.0,2.0,3.0,2.0
D01242631,0.0,3.0,0.0,1.0,0.0,0.0
D02220126,1.0,0.5,1.0,1.0,1.5,2.0
D02220226,1.0,3.5,0.0,1.0,1.0,2.0
D02220227,2.0,3.5,0.0,1.0,1.0,2.5
D02220443,0.0,0.5,0.0,1.0,0.0,1.0
D02220463,1.5,1.0,0.0,1.0,0.0,2.0
D02220464,0.5,1.0,0.0,1.0,0.0,2.0
D02220465,1.0,0.5,0.0,1.0,0.0,1.0
D02220808,1.0,3.0,0.0,1.0,1.5,2.0
D02221005,0.0,0.5,0.0,0.0,0.0,1.0
D02221006,0.0,0.5,0.0,0.0,0.0,1.0
D02221007,0.0,0.5,0.0,0.0,0.0,1.0
D02221023,2.5,2.0,0.0,1.0,1.0,2.0
D02221079,1.0,1.5,0.0,1.0,1.0,2.0
D02221134,2.0,1.0,0.0,1.0,1.0,2.0
D02221135,1.25,1.0,0.0,2.0,0.5,2.0
D02221181,1.0,2.0,0.0,1.0,0.0,2.0
D02221182,1.0,2.0,0.0,1.0,2.0,2.0
D02221183,2.0,2.0,0.0,1.0,0.0,2.5
D02221187,0.5,1.5,0.0,1.0,0.0,2.5
D02221188,0.0,1.5,0.0,1.0,0.0,1.0
D02221509,1.0,3.0,0.0,1.0,1.0,2.0
D02221510,2.0,2.0,0.0,1.0,0.0,2.0
D02221511,1.5,1.0,0.0,1.0,0.0,2.0
D02221512,1.0,0.0,0.0,1.0,0.0,2.5
D02221513,1.0,1.0,0.0,1.0,1.0,2.5
D02221515,1.0,1.0,0.5,1.0,0.5,2.0
D02221516,1.0,1.5,0.5,1.0,0.0,2.5
D02221517,1.0,1.0,0.5,1.0,0.5,2.5
D02221518,5.0,3.0,3.0,1.0,2.0,2.0
D02221519,4.0,3.5,2.0,1.0,3.0,3.0
D02221522,2.0,2.0,0.0,1.0,0.0,2.0
D02221523,2.0,3.0,0.0,1.0,0.0,2.0
D02221524,1.0,3.0,0.0,1.0,0.0,2.5
D02221531,0.0,1.0,0.0,1.0,0.0,2.5
D02221532,1.5,1.5,0.0,1.0,0.5,2.5
D02221533,2.0,0.0,0.0,1.0,1.0,2.0
D02221719,0.5,0.5,0.0,1.0,0.5,1.0
D02221720,2.5,1.5,1.0,1.0,1.0,2.5
D02221721,0.5,0.5,0.0,1.0,0.0,1.0
D02221722,1.0,0.5,0.5,0.5,0.5,1.0
D02221743,1.5,1.0,0.0,1.0,1.0,2.5
D02221744,2.0,1.5,0.0,1.0,1.0,2.0
D02221745,2.0,2.0,0.0,1.0,1.0,2.0
D02221746,1.5,2.0,0.0,1.0,0.0,1.0
D02221747,1.0,1.0,0.0,1.0,0.0,3.0
D02221748,1.5,0.5,0.0,1.0,1.0,3.0
D02221765,2.0,1.0,0.0,1.0,1.0,3.0
D02221766,1.0,1.5,0.0,1.5,1.0,2.0
D02221774,2.0,2.0,0.0,1.0,1.0,2.0
D02221775,2.0,1.0,0.0,1.0,1.0,2.0
D02221776,1.0,1.5,0.5,1.0,1.0,3.0
D02221777,1.0,1.5,0.0,1.0,1.0,3.0
D02221778,1.0,1.0,0.0,1.0,1.5,3.0
D02221785,1.5,1.5,0.0,1.0,1.0,2.0
D02221786,1.0,1.0,0.0,1.0,0.0,2.5
D02221787,1.5,2.5,0.5,1.0,0.0,1.5
D02221788,2.0,2.0,0.0,1.0,1.0,2.0
D02221810,1.0,1.0,1.0,2.0,1.5,3.0
D02221811,1.25,1.0,0.0,2.0,1.5,2.0
D02221871,1.5,2.0,2.0,2.0,1.0,2.0
D02222044,1.5,2.0,0.0,1.0,0.0,2.0
D02222097,1.0,1.0,0.0,1.0,0.0,2.0
D02222098,1.0,0.5,0.5,1.5,0.5,2.5
D02222212,0.0,0.0,0.0,0.0,0.0,0.0
D02222213,1.5,1.0,0.0,1.0,0.0,0.5
D02222327,2.0,2.0,0.0,1.0,0.6666666666666666,2.0
D02222328,1.5,1.5,0.0,0.5,1.0,1.5
D02222417,0.0,1.0,0.0,1.5,0.5,3.0
D02222467,1.0,2.0,0.0,1.0,0.5,1.0
D02222470,2.0,2.0,0.0,1.0,1.0,2.0
D02222471,1.5,1.5,0.0,1.0,1.0,2.0
D02222472,2.0,2.0,0.0,1.0,1.0,3.0
D02231516,1.0,1.5,0.0,1.0,0.0,2.0
D02231517,0.5,0.0,0.0,1.0,1.0,3.0
D02231518,0.5,0.0,0.0,1.0,0.0,0.5
D02231519,4.0,0.5,0.0,1.5,2.0,2.5
D02231520,0.5,1.0,0.0,1.0,0.5,1.5
D02231521,1.0,0.0,0.0,1.0,0.0,0.5
D02231522,0.5,0.5,0.0,0.5,0.0,0.5
D02231523,0.5,0.5,0.0,1.0,1.0,2.5
D02231524,0.5,1.5,0.0,1.0,1.0,2.0
D02231525,0.0,0.5,0.0,1.5,0.0,1.0
D02231639,1.5,0.0,0.0,2.0,1.0,1.5
D02231640,2.0,0.0,0.0,2.0,4.0,1.5
D02232675,0.0,0.5,0.0,0.0,0.0,0.0
D02232676,0.5,1.0,0.0,0.0,0.0,0.0
D02240213,2.0,1.0,0.0,1.5,1.0,1.0
D02240214,2.0,1.0,0.0,2.0,0.5,1.5
D02240215,2.0,0.0,0.0,0.5,0.0,1.5
D02240445,0.5,0.0,0.0,1.0,0.5,1.5
D02240798,2.0,0.0,0.0,2.0,0.5,2.5
D02241112,0.5,0.5,0.0,1.0,0.5,1.0
D02241846,0.5,0.5,0.0,1.5,0.5,1.5
D03211879,1.0,1.5,0.0,1.0,0.5,2.0
D03211884,2.0,0.0,0.0,1.0,0.5,1.5
D03211894,1.0,1.0,0.0,1.0,0.0,2.0
D03213077,1.0,0.5,0.0,1.5,1.0,3.0
D03213094,1.0,0.5,0.0,0.5,0.5,2.5
D03213114,2.5,3.0,0.0,0.0,0.5,2.5
D03220035,2.0,4.0,0.0,5.0,3.0,3.0
D03220355,1.0,2.0,0.0,1.0,0.0,1.0
D03220356,0.5,2.0,0.0,1.0,0.0,2.0
D03220871,0.5,0.0,0.0,1.0,0.5,1.0
D03220872,0.0,0.0,0.0,0.0,1.5,1.0
D03221001,2.0,1.5,0.0,1.3333333333333333,1.5,2.75
D03221016,1.0,1.0,0.0,0.0,0.0,2.0
D03221017,2.0,1.0,0.0,0.0,0.0,2.0
D03221169,1.5,4.0,0.0,4.0,2.0,3.0
D03221170,0.5,1.0,0.0,0.0,0.0,1.0
D03221229,0.0,0.0,0.0,0.0,0.0,0.0
D03221231,1.0,2.0,0.0,1.0,0.0,2.0
D03221237,1.5,1.0,0.0,1.0,1.0,1.5
D03221241,1.0,1.0,0.0,0.0,1.5,2.5
D03221244,1.5,2.0,0.0,1.0,0.0,1.5
D03221245,1.0,2.0,0.0,1.0,1.0,2.5
D03221246,1.0,1.0,0.0,2.0,1.0,2.5
D03221247,1.0,1.5,0.0,1.0,1.0,1.5
D03221248,1.5,1.0,0.0,1.0,1.0,1.5
D03221249,1.0,1.0,0.0,1.5,1.0,2.0
D03221256,1.0,1.0,0.0,1.0,1.0,3.0
D03221257,1.0,1.5,0.0,1.0,0.5,4.0
D03221258,1.0,2.0,0.0,1.5,1.0,2.0
D03221259,1.0,1.5,0.0,1.0,1.0,2.5
D03221260,1.0,2.0,0.0,1.0,1.5,2.5
D03221261,1.0,1.5,0.0,2.0,1.0,2.5
D03221306,1.0,2.0,0.0,2.0,1.0,2.5
D03221307,1.0,2.0,0.0,1.0,0.0,2.5
D03221313,2.0,3.0,2.0,3.0,1.0,1.0
D03221314,2.0,0.5,2.0,1.0,2.0,2.5
D03221315,1.0,3.0,2.0,2.0,1.0,2.5
D03221316,1.0,2.5,0.0,2.0,1.0,1.0
D03221317,2.0,2.0,2.0,1.0,2.0,2.5
D03221318,1.0,3.0,2.0,3.0,1.0,2.0
D03221323,1.5,2.0,0.0,1.0,0.5,2.0
D03221331,1.0,2.0,0.0,1.0,0.0,3.0
D03221431,0.0,0.0,0.0,0.0,0.0,0.5
D03221432,0.0,0.0,0.0,0.0,0.0,1.0
D03221433,0.0,0.5,0.0,1.0,0.0,1.0
D03221435,2.0,0.0,0.0,0.0,0.0,1.5
D03221436,2.0,0.0,0.0,0.6666666666666666,0.0,1.5
D03221437,0.5,1.0,0.0,0.0,0.5,1.0
D03221438,0.0,0.0,0.0,0.0,0.0,0.5
D03221439,0.0,0.0,0.0,1.0,0.5,1.5
D03221440,0.0,0.0,0.0,1.0,0.0,1.5
D03221446,0.0,0.0,0.0,1.0,0.0,1.0
D03221447,0.0,0.0,0.0,0.0,0.5,1.5
D03221448,6.0,0.0,0.0,1.0,0.0,1.5
D03221455,0.0,0.0,0.0,1.0,0.0,1.5
D03221456,0.0,0.0,0.0,0.0,0.0,0.0
D03221459,0.0,0.0,0.0,1.0,0.0,0.0
D03221460,0.0,0.0,0.0,1.0,0.0,0.0
D03221461,2.0,0.0,0.0,0.0,0.5,0.0
D03221463,2.0,0.0,0.0,0.0,0.5,1.5
D03221464,2.0,0.0,0.0,1.0,0.0,1.5
D03221465,6.0,0.0,0.0,1.0,0.0,1.5
D03221524,1.5,1.0,0.0,1.0,0.5,1.5
D03221527,2.5,2.0,0.0,1.0,0.0,3.0
D03221577,1.0,2.0,0.0,2.0,0.0,2.5
D03221578,0.0,0.0,0.0,1.0,1.0,1.0
D03221579,0.5,0.0,0.5,2.0,0.0,1.0
D03221581,0.5,0.5,0.0,1.5,0.0,1.5
D03221893,1.0,1.5,0.0,1.0,0.5,2.0
D03221894,1.0,1.0,0.0,1.0,0.5,2.0
D03222228,0.5,2.0,0.0,1.0,0.0,2.0
D03222229,1.5,2.0,0.0,2.0,0.0,2.0
D03222230,1.0,1.5,0.0,2.0,1.0,2.0
D03222231,1.5,1.5,1.0,1.0,1.0,2.0
D03222232,2.0,1.0,0.5,2.0,1.0,2.0
D03222577,0.0,0.5,0.0,0.0,0.0,1.0
D03222578,0.0,1.5,0.0,0.5,0.0,1.0
D03222600,2.0,0.0,0.0,1.0,0.5,1.5
D03222601,2.0,3.5,0.0,1.0,1.0,3.0
D03222770,2.0,0.0,0.0,0.0,0.0,0.0
D03222771,1.0,1.0,0.5,1.0,0.5,1.5
D03222772,1.0,1.0,0.0,1.0,0.0,1.5
D03222774,1.0,1.0,0.0,1.0,1.0,2.0
D03222910,2.0,0.0,0.0,1.3333333333333333,0.0,2.0
D03222911,2.0,0.0,0.0,1.0,0.0,2.0
D03222956,2.0,3.0,0.0,1.0,1.0,2.0
D03222972,1.0,1.5,0.0,2.0,1.0,2.0
D03223070,0.5,0.5,0.0,1.0,0.0,1.5
D03223198,0.0,0.0,0.0,0.0,0.0,0.5
D03223199,0.5,1.0,0.0,0.5,0.0,1.0
D03223262,0.5,1.0,0.0,1.0,0.0,1.5
D03223263,1.5,1.0,0.0,2.0,0.0,2.0
D03223279,1.5,1.5,0.0,2.0,0.0,1.0
D03223280,1.5,2.0,0.0,2.0,1.0,2.0
D03223281,2.0,0.0,0.0,1.0,0.5,1.5
D03223282,3.5,0.0,0.0,2.5,1.375,3.5
D03223289,0.0,0.5,0.0,0.0,0.0,0.5
D03223291,0.5,0.0,0.0,0.0,0.0,1.5
D03223294,0.0,0.0,0.0,0.0,0.0,1.0
D03230029,2.5,2.5,0.0,1.0,0.5,2.5
D03230030,0.5,0.5,0.0,1.0,1.0,2.0
D03230447,0.0,0.5,0.0,0.0,0.0,0.5
D03230448,0.0,0.5,0.0,0.0,0.0,1.0
D03230449,0.0,0.0,0.0,0.0,0.0,1.0
D03230450,0.0,0.0,0.0,0.0,0.0,1.0
D03230961,0.5,0.0,0.0,1.5,2.0,3.5
D03230962,2.0,0.0,0.0,1.5,1.0,3.0
D03230964,1.0,0.0,1.0,0.5,0.0,1.0
D03230965,1.0,0.0,0.5,1.0,0.5,2.0
D03230966,0.5,0.0,0.0,1.0,0.0,1.0
D03231854,0.5,0.0,0.0,1.0,1.0,1.0
D03231855,1.5,0.0,0.5,2.0,2.0,2.0
D03231856,1.0,1.25,0.5,2.0,1.0,2.0
D03231857,2.0,1.0,0.5,2.0,1.0,3.0
D03231865,1.0,0.0,0.0,1.0,1.0,2.0
D03231866,1.5,0.0,0.0,2.0,2.0,2.5
D03232024,0.5,0.0,0.0,1.0,0.5,2.5
D03232125,0.5,0.0,0.0,1.0,0.0,1.0
D04210933,1.0,1.0,0.0,1.0,0.5,2.5
D04210934,0.5,0.0,0.0,1.0,0.0,3.0
D04210936,1.0,1.0,0.0,1.0,0.0,3.0
D04210940,1.0,0.0,0.0,1.0,0.0,1.5
D04210956,1.0,2.0,0.0,1.5,1.0,2.0
D04210958,1.5,1.5,0.0,1.0,0.0,2.5
D04210962,1.0,2.0,0.0,1.5,0.0,2.0
D04210968,1.0,2.0,0.0,1.5,0.0,2.0
D04210969,1.0,1.0,0.0,1.0,0.0,4.0
D04210970,0.5,1.0,0.5,1.0,0.0,1.0
D04210971,1.0,1.0,0.0,1.0,0.0,2.5
D04210972,1.5,1.5,0.0,1.0,0.0,2.5
D04210973,1.5,1.5,0.5,1.0,1.0,2.5
D04210977,0.5,1.0,0.5,0.5,0.5,1.5
D04210978,1.5,1.5,0.0,1.0,0.5,2.5
D04211189,1.5,6.0,0.0,2.0,0.5,1.5
D04211856,1.5,2.0,0.5,1.0,0.0,3.0
D04211857,1.5,1.0,0.5,1.0,0.0,2.5
D04211960,2.0,0.5,0.0,1.0,0.5,1.5
D04212881,1.0,0.0,0.0,1.0,0.0,2.5
D04212884,0.5,1.0,0.5,0.0,0.0,1.0
D04213512,0.5,1.5,0.5,1.0,0.5,3.0
D04213514,1.0,0.0,0.0,1.0,0.0,2.5
D04213519,0.5,0.0,0.0,1.0,0.5,2.5
D04213521,1.0,0.0,0.0,1.0,0.0,2.5
D04213522,1.0,2.0,0.0,1.0,0.0,1.5
D04213526,1.0,1.0,0.0,1.0,1.0,3.0
D04213528,2.0,1.0,0.0,1.0,1.0,2.5
D04213530,0.5,0.5,0.0,1.0,0.0,2.0
D04213531,1.5,1.5,0.5,1.5,1.5,3.0
D04213539,1.0,1.0,1.0,1.0,0.5,3.0
D04213540,1.5,1.5,0.0,1.5,0.0,1.5
D04213550,1.0,0.0,0.5,1.0,0.0,2.0
D04213551,1.5,1.0,0.0,1.0,0.0,2.0
D04213552,0.5,1.5,0.5,1.0,0.0,2.0
D04213553,1.0,1.5,0.5,1.0,0.5,2.5
D04213555,1.5,1.5,0.0,1.0,1.0,2.5
D04220036,1.0,0.0,0.0,1.0,0.0,1.5
D04220639,1.0,0.0,0.0,0.0,1.0,3.0
D04220640,1.5,0.0,0.0,0.0,0.0,3.0
D04220641,0.0,1.0,0.0,1.0,0.0,2.5
D04220642,1.5,1.0,0.0,1.0,0.0,2.5
D04220672,1.5,0.5,0.0,1.0,0.0,3.0
D04220673,1.0,0.0,1.0,1.0,1.0,3.0
D04220674,1.0,0.0,0.0,1.0,0.5,3.0
D04220680,1.0,1.0,0.5,1.5,0.5,3.0
D04220681,0.5,0.5,1.0,2.0,1.0,3.0
D04220682,1.0,1.0,0.0,2.0,0.0,3.0
D04220760,2.0,5.0,0.0,1.0,0.0,3.0
D04220761,2.0,1.5,0.0,1.0,1.0,1.5
D04220838,2.0,0.0,0.0,1.0,0.5,2.0
D04220839,0.0,1.0,0.0,1.0,0.5,2.0
D04220840,2.0,0.0,0.0,1.0,0.5,2.0
D04220841,1.5,2.0,0.0,1.0,1.0,1.5
D04220842,1.0,0.0,0.0,1.5,0.5,2.5
D04220843,2.0,1.5,0.0,2.0,0.0,2.0
D04220844,2.0,2.0,0.0,1.5,0.0,2.0
D04220845,2.0,1.0,0.0,1.0,0.0,2.0
D04220846,1.0,2.0,0.0,1.5,0.5,2.0
D04220847,2.0,2.0,0.0,1.0,1.0,2.5
D04221157,0.5,0.0,0.0,1.5,0.0,1.0
D04221161,0.5,0.0,0.0,1.0,0.0,1.0
D04221162,0.0,0.5,0.0,0.0,0.0,0.5
D04221163,0.0,1.0,0.0,0.0,0.0,0.5
D04221164,0.0,0.0,0.0,0.0,0.0,1.0
D04221244,0.5,1.5,0.0,0.5,0.0,2.0
D04221308,0.5,0.5,0.0,1.0,0.5,1.0
D04221326,1.5,0.0,0.0,1.0,0.5,1.5
D04221327,2.5,0.0,0.0,1.0,0.5,1.5
D04221328,3.0,0.0,0.0,1.0,0.5,1.5
D04221329,2.0,0.0,0.0,1.0,0.5,1.5
D04221330,1.0,0.0,1.0,1.0,1.0,1.5
D04221409,1.0,0.0,0.0,1.0,1.0,1.0
D04221573,0.0,0.5,0.0,0.5,0.5,2.0
D04221587,2.0,0.0,0.0,0.0,0.0,3.0
D04221588,1.5,0.0,0.0,1.0,0.0,3.0
D04221589,1.0,2.0,0.0,1.0,0.0,2.5
D04221676,1.0,1.0,0.0,0.5,1.0,2.0
D04221693,2.0,1.5,0.5,1.5,1.0,3.0
D04221694,1.0,1.0,0.0,1.5,0.5,3.0
D04221695,1.0,2.5,0.0,1.0,0.0,3.0
D04221696,1.0,0.3333333333333333,0.0,1.5,0.5,2.5
D04221697,1.0,2.0,0.0,1.0,0.0,2.0
D04221698,1.0,2.0,0.0,1.5,0.5,2.0
D04221699,1.0,1.3333333333333333,0.0,1.0,0.0,2.5
D04221700,1.5,1.5,0.0,1.0,0.0,2.5
D04221701,1.5,1.0,1.0,1.0,0.0,2.0
D04221702,1.0,1.0,0.0,1.5,0.5,2.0
D04221703,1.0,2.0,0.0,1.5,0.5,2.0
D04221704,1.5,2.0,0.0,1.0,0.0,3.0
D04221705,1.0,1.5,0.0,1.0,0.0,3.0
D04221706,1.0,1.0,0.0,1.0,0.5,2.5
D04221707,1.0,2.0,0.0,2.5,0.0,2.0
D04221708,1.0,0.0,0.0,1.0,0.0,3.0
D04221709,1.5,1.5,0.0,1.0,0.0,3.0
D04221725,1.0,1.5,0.5,1.0,1.0,2.0
D04221737,1.0,1.0,0.0,2.0,1.0,3.0
D04221738,1.0,0.0,0.0,1.0,1.0,2.0
D04221739,0.5,1.0,0.0,1.0,0.0,2.0
D04221763,1.0,2.5,0.0,1.0,0.0,2.0
D04221765,2.0,0.0,0.0,0.0,0.0,1.5
D04221853,1.5,0.5,0.0,1.0,1.0,2.0
D04221877,2.0,0.0,0.0,1.0,0.5,1.5
D04221959,1.0,1.0,0.0,0.0,0.0,1.5
D04222057,0.0,0.0,0.0,0.0,0.0,1.0
D04222060,0.0,0.0,0.0,0.0,0.0,0.0
D04222149,2.0,2.0,1.0,2.5,1.0,2.5
D04222150,0.5,1.5,0.0,0.0,0.0,2.0
D04222151,1.0,2.0,0.0,1.0,0.0,1.5
D04222202,2.0,0.0,0.0,1.0,0.5,1.5
D04222475,0.0,0.0,0.5,1.5,0.5,0.0
D04222595,0.0,0.0,0.0,0.0,0.0,1.0
D04222596,1.0,0.0,0.0,1.5,0.0,1.0
D04222743,2.0,0.0,0.0,1.0,0.5,1.5
D04222794,0.5,0.0,0.0,0.0,0.0,1.5
D04222857,1.5,2.0,1.0,0.0,0.0,2.0
D04222858,1.5,1.5,0.5,1.0,1.0,1.0
D04222859,1.0,1.0,0.5,2.0,0.0,2.0
D04222893,0.0,0.0,0.0,1.0,0.0,1.0
D04222945,1.0,2.5,0.0,1.0,0.0,2.0
D04222946,0.5,0.0,0.0,1.0,0.0,1.0
D04222977,2.0,3.0,0.0,2.0,1.0,2.5
D04222979,0.5,0.5,0.0,0.0,0.5,1.0
D04223056,1.0,1.0,0.0,1.0,0.0,2.0
D04223057,1.5,1.0,0.0,1.0,0.5,3.0
D04223058,1.0,1.5,0.0,0.0,0.0,2.5
D04223059,0.5,1.0,0.5,1.0,0.0,2.0
D04223060,1.5,0.0,0.0,1.0,0.0,2.0
D04223061,1.0,1.5,0.0,1.0,0.0,2.0
D04223062,1.0,1.0,2.0,1.0,0.5,3.0
D04223063,1.0,1.0,0.0,1.0,0.0,3.0
D04223064,1.5,1.0,0.0,1.0,0.0,2.0
D04223065,1.0,2.0,0.5,1.0,1.0,3.5
D04223066,1.0,1.0,0.5,1.5,0.0,3.0
D04223067,1.0,1.5,0.0,1.0,0.0,2.0
D04223068,1.0,1.5,0.0,1.0,0.5,2.0
D04223071,1.0,1.5,0.0,1.0,0.0,3.0
D04223072,0.5,1.0,0.0,1.0,0.0,2.5
D04223073,1.5,1.0,0.5,1.0,0.5,2.0
D04223074,0.5,1.0,0.0,1.0,0.5,2.0
D04223079,1.5,1.5,0.0,1.0,0.0,2.5
D04223081,2.0,0.0,0.0,1.0,0.0,1.5
D04223082,1.0,0.0,0.0,1.0,0.0,2.0
D04223083,1.5,2.5,0.5,1.0,0.0,1.5
D04223084,1.5,2.0,0.5,1.0,0.0,3.0
D04223086,1.0,0.5,0.0,1.0,0.0,3.0
D04223087,1.5,2.0,1.0,1.0,1.0,2.5
D04223088,2.0,0.0,0.0,1.0,0.5,2.0
D04223089,0.0,0.0,0.0,1.0,0.0,2.0
D04223091,0.5,0.0,0.0,1.0,0.5,2.0
D04223093,1.5,1.0,0.0,1.5,0.0,2.0
D04223094,1.5,2.0,2.0,1.0,0.0,3.0
D04230078,1.5,1.5,0.0,3.0,2.0,2.5
D04230079,2.5,2.0,0.5,1.5,9.0,2.0
D04230124,1.5,1.0,0.0,1.0,1.0,2.0
D04230125,1.5,1.5,0.0,1.0,1.0,2.5
D04230129,1.0,3.0,0.0,1.0,1.0,2.5
D04230196,2.0,2.5,1.0,1.5,1.0,2.0
D04230325,0.5,0.5,0.0,0.5,0.0,1.5
D04230336,1.0,0.5,0.5,1.5,1.0,2.5
D04230925,1.0,0.0,0.0,0.5,1.0,1.5
D04230972,2.0,0.0,0.0,1.0,1.0,2.0
D04231285,2.0,0.5,0.0,1.0,1.0,1.0
D04231635,1.0,1.75,0.5,2.0,1.0,4.0
D04231790,1.0,0.0,0.0,1.0,1.0,2.5
D04232087,2.0,0.0,0.0,1.0,0.5,3.0
D04232209,1.0,0.0,0.0,0.5,0.5,2.0
D04232210,0.5,1.5,0.0,0.5,0.0,3.0
D05210424,2.0,0.5,2.0,2.0,0.5,2.0
D05211739,2.0,0.0,0.0,1.0,0.5,1.5
D05211745,1.5,1.0,1.0,0.5,0.5,1.0
D05211751,1.0,1.5,1.0,1.0,0.5,2.0
D05211752,1.5,1.5,0.5,1.0,1.0,2.5
D05211846,1.0,0.5,0.0,1.0,0.5,2.5
D05211847,0.5,1.0,0.0,1.0,0.5,2.0
D05211848,1.0,1.5,0.5,1.0,0.5,1.5
D05211849,0.5,0.5,0.0,0.5,0.5,1.5
D05211853,1.0,1.5,1.0,1.0,0.5,2.0
D05211865,2.0,1.5,1.0,1.0,0.5,2.5
D05211866,2.0,1.5,1.0,1.0,0.5,2.0
D05212548,2.0,2.0,1.0,2.0,0.5,2.0
D05212565,2.5,2.5,0.0,1.5,0.0,2.5
D05212566,1.0,1.0,0.0,1.0,0.0,1.5
D05220296,0.5,0.0,0.0,0.0,0.0,1.0
D05220316,2.0,1.0,0.0,1.5,1.0,1.5
D05220349,2.0,0.0,0.0,1.0,0.5,1.5
D05220576,0.5,0.5,0.0,0.5,0.0,0.0
D05220711,0.5,0.5,0.0,1.0,0.5,1.5
D05220712,1.5,1.0,0.0,1.0,0.0,2.0
D05220713,1.5,1.0,0.0,1.0,1.5,3.0
D05220789,0.0,0.5,0.0,0.0,0.0,1.0
D05220790,0.0,0.0,0.0,0.0,0.0,1.0
D05220791,0.0,0.5,0.0,0.0,0.0,1.0
D05221339,1.5,0.5,0.5,0.0,0.0,1.0
D05221346,0.0,1.5,0.0,0.5,0.0,1.0
D05221347,0.5,0.5,0.0,0.5,0.5,1.0
D05221572,0.5,0.0,0.0,0.5,0.0,1.0
D05221578,1.5,2.0,0.0,1.0,0.0,1.0
D05221712,1.0,2.0,0.0,2.0,1.0,3.0
D05221972,0.0,0.0,0.0,0.0,0.0,2.5
D05221973,0.0,0.0,0.0,0.0,0.0,1.0
D05222167,1.0,0.0,0.0,1.0,0.5,1.5
D05222177,0.5,1.0,0.0,1.5,0.0,2.0
D05222217,0.5,1.0,0.0,1.0,0.0,1.0
D05222262,0.0,0.0,0.0,0.0,0.0,1.0
D05222463,1.0,1.5,0.5,1.0,0.5,2.0
D05222464,0.5,2.0,0.0,1.0,0.0,3.0
D05222465,2.0,2.0,0.0,2.0,1.0,2.5
D05222466,1.0,0.0,2.0,0.5,0.0,2.0
D05222467,1.5,2.0,0.0,1.5,1.5,2.0
D05222954,0.0,2.0,0.0,0.0,0.5,1.0
D05223014,0.0,0.0,0.0,0.0,0.0,1.0
D05223015,0.0,0.0,0.0,0.0,0.0,1.0
D05223016,0.0,0.5,0.0,0.0,0.0,0.0
D05223049,0.5,0.5,0.5,1.0,1.0,2.0
D05223050,2.0,2.0,1.0,1.0,0.0,2.0
D05223051,0.5,0.0,0.0,0.5,0.0,1.0
D05223151,1.0,1.5,0.0,1.5,0.5,3.0
D05223169,1.0,2.0,1.0,1.0,0.0,2.5
D05223170,1.0,3.0,1.0,2.5,0.0,2.0
D05223171,0.5,1.0,0.0,0.5,0.0,1.5
D05223217,0.5,1.5,0.0,1.0,0.5,1.5
D05230085,0.5,0.5,0.0,1.0,0.5,2.0
D05230105,1.5,0.0,0.0,1.0,1.0,2.5
D05230145,2.0,2.0,0.0,1.0,2.0,2.0
D05230306,1.0,1.5,0.5,2.0,0.5,2.0
D05230389,1.0,0.5,0.5,0.5,0.0,1.0
D05230490,2.0,0.0,0.0,1.0,2.0,2.5
D05230491,2.0,0.0,0.0,1.0,2.0,2.0
D05230550,1.5,1.0,1.0,2.0,2.0,2.0
D05230909,1.0,2.0,0.0,1.0,0.5,2.0
D05230910,1.5,0.5,0.0,1.0,1.5,2.0
D05230911,1.5,2.0,1.0,1.5,1.0,3.0
D05230912,0.0,1.0,0.0,1.0,0.0,1.5
D05230993,0.5,0.5,0.5,1.5,0.5,0.0
D05230994,0.5,0.5,0.0,0.5,0.5,0.0
D05231133,1.0,1.0,0.5,1.0,2.0,2.0
D05231181,1.0,0.5,0.0,1.0,1.0,2.0
D05231267,2.5,3.0,1.0,1.5,1.0,2.0
D05232093,2.0,0.0,0.0,1.0,0.5,1.5
D05232133,2.0,0.0,0.0,1.5,0.5,3.0
D05232155,1.0,1.5,1.0,0.0,0.0,0.0
D05232407,0.5,1.0,0.0,1.0,1.5,2.0
D05232651,2.0,0.75,0.0,1.0,0.5,2.0
D05232653,1.0,0.0,0.0,1.0,0.5,2.5
D05232970,0.5,0.0,0.0,1.0,0.5,1.0
D06211574,0.5,1.0,0.0,1.0,0.5,2.5
D06212404,1.0,1.0,0.0,1.0,1.0,3.0
D06220027,1.0,1.5,0.0,1.0,0.5,2.0
D06220191,0.5,0.5,0.0,1.0,0.5,1.5
D06220192,1.5,2.0,0.0,3.0,1.0,2.0
D06220193,0.5,0.5,0.0,1.5,0.5,2.0
D06220365,0.5,1.0,0.0,1.0,0.0,1.5
D06220366,0.0,0.5,0.0,1.5,0.5,1.5
D06220367,0.0,1.0,0.0,1.0,0.0,2.5
D06220370,0.5,0.0,0.0,0.0,1.0,1.0
D06220415,1.0,1.0,0.5,1.0,0.5,2.0
D06220920,2.0,1.0,0.0,1.0,1.0,2.0
D06220921,2.0,0.0,0.0,1.0,1.0,2.0
D06221030,1.0,1.0,0.5,1.0,0.0,2.0
D06221031,0.5,1.0,0.0,2.0,0.0,2.5
D06221051,0.5,1.5,0.0,1.5,0.0,1.5
D06221291,0.5,0.5,0.0,1.0,0.0,0.0
D06221295,0.5,1.0,0.0,1.0,0.5,2.0
D06221296,0.5,1.0,0.0,0.0,1.5,1.5
D06221669,1.0,3.0,0.0,1.0,0.0,3.0
D06221670,2.0,1.5,0.0,1.5,0.0,3.0
D06221761,0.5,1.0,1.0,0.5,0.0,2.0
D06222124,1.5,1.0,0.5,1.0,0.0,2.0
D06222242,0.5,0.0,0.0,1.0,1.0,2.0
D06222244,0.0,0.0,0.0,0.0,0.0,1.0
D06222333,1.0,3.0,0.0,1.0,0.0,2.0
D06222334,0.0,0.0,0.0,0.0,0.0,0.5
D06222540,1.0,1.5,0.0,1.0,1.0,2.0
D06230029,2.0,0.0,0.0,1.0,0.5,1.5
D06230030,2.0,0.0,0.0,1.0,0.0,1.5
D06230031,2.0,0.0,1.0,1.0,2.0,1.6666666666666667
D06230481,1.0,0.0,0.0,0.0,0.0,2.0
D06230543,1.0,0.0,1.0,0.0,0.0,1.0
D06230544,1.0,0.0,0.5,0.0,0.0,1.0
D06230545,0.5,0.0,0.0,0.5,0.0,0.0
D06230581,1.5,0.5,0.0,1.0,1.0,1.0
D06231362,2.0,0.0,0.0,1.0,0.5,1.0
D06231363,2.0,0.0,0.0,1.0,0.5,0.0
D06231452,1.0,2.0,0.0,1.0,0.0,0.0
D06231781,1.0,0.0,0.0,1.0,0.5,1.0
D06231783,1.0,1.0,0.0,1.0,0.5,2.0
D06231784,1.5,1.5,0.0,1.5,0.5,2.5
D06231785,1.0,0.5,0.5,1.0,0.5,1.0
D06231787,0.5,0.5,0.0,0.5,0.0,1.0
D06231789,0.5,1.0,0.0,0.0,0.0,1.5
D06231790,0.5,0.5,0.0,0.0,0.0,1.5
D06231791,1.5,1.5,0.0,1.0,0.0,2.0
D06231792,0.5,1.0,0.5,1.0,0.0,1.0
D06231793,1.0,0.0,0.0,0.0,0.0,2.0
D06231794,1.0,0.0,0.0,0.0,0.0,3.0
D06231796,1.5,1.5,1.0,0.0,0.0,2.0
D06231897,0.5,0.5,0.0,1.0,2.0,1.0
D06232457,1.0,1.0,1.0,1.5,1.0,2.5
D06232458,0.5,0.5,0.5,3.0,0.5,2.0
D06232539,0.5,0.0,0.0,0.0,0.0,2.0
D07210607,2.0,1.0,0.0,1.0,1.5,1.5
D07210611,2.0,1.5,0.5,1.0,1.0,2.5
D07210612,1.0,1.0,0.0,1.0,0.5,2.5
D07210614,2.0,1.5,0.0,2.0,0.0,3.0
D07211565,1.0,1.0,0.0,1.0,0.0,2.0
D07211567,1.0,0.5,0.0,1.0,0.0,1.5
D07211568,1.0,0.0,0.0,1.0,0.0,1.0
D07211569,1.0,0.5,0.0,1.0,0.0,2.0
D07211571,2.0,0.5,0.0,1.0,1.0,1.5
D07212737,1.5,1.5,0.0,1.0,0.5,2.0
D07212960,2.5,1.5,1.0,1.0,1.0,2.0
D07220044,2.0,2.0,0.0,1.0,0.5,3.5
D07220045,1.0,0.5,0.5,1.5,1.0,3.0
D07220047,2.0,0.5,0.5,0.5,0.5,3.0
D07220048,1.0,0.5,0.0,1.0,0.0,2.0
D07220532,0.5,0.5,0.0,1.5,0.5,2.0
D07220580,0.0,0.0,0.0,1.0,0.0,0.0
D07220583,0.0,1.0,0.0,1.0,0.0,1.0
D07220686,1.0,1.0,0.0,1.0,0.5,3.5
D07220687,0.5,2.0,1.0,1.5,0.5,3.5
D07220688,0.5,1.0,0.0,0.5,0.0,4.0
D07220689,1.0,1.5,0.5,1.0,1.0,3.0
D07221133,1.0,0.5,0.0,1.0,1.0,2.5
D07221136,2.0,0.0,0.0,1.0,0.0,2.0
D07221137,2.0,0.5,0.0,1.0,0.0,2.0
D07221189,2.0,1.0,0.5,2.0,0.0,2.0
D07221418,1.0,1.0,0.5,1.0,0.5,2.0
D07221421,1.0,0.5,0.0,1.0,0.0,2.0
D07221636,1.0,1.5,0.0,1.0,0.0,2.0
D07221637,1.5,2.0,0.5,1.5,0.5,1.5
D07221638,1.0,1.0,1.0,1.0,0.0,2.5
D07221639,0.5,1.0,0.0,1.0,1.5,1.5
D07221640,0.5,0.5,0.0,0.0,1.0,0.5
D07221641,1.0,0.5,0.0,0.5,0.0,1.5
D07221764,1.0,1.0,0.0,1.0,1.0,2.0
D07221765,2.0,1.0,0.0,1.0,1.0,2.5
D07221952,1.0,0.0,0.0,1.0,0.5,2.0
D07222032,0.5,0.5,0.0,0.0,1.0,1.5
D07222033,2.0,2.5,0.0,2.0,0.5,2.0
D07222219,2.0,1.5,0.5,1.5,1.0,2.0
D07222222,2.0,0.0,0.0,0.5,0.0,3.0
D07222380,1.5,2.0,0.5,0.5,1.0,2.0
D07222381,1.5,1.0,1.0,2.0,0.0,2.0
D07222702,1.5,2.5,0.0,1.0,1.0,2.5
D07222704,0.0,1.0,0.0,0.5,0.0,1.5
D07230238,1.0,0.0,0.5,3.0,0.0,3.0
D07230239,1.0,0.0,0.0,2.0,0.0,2.0
D07230318,1.5,0.0,0.0,1.0,1.0,3.0
D07230320,1.0,0.0,0.0,1.0,0.0,2.0
D07230321,1.0,0.5,0.0,1.0,0.5,2.5
D07230422,1.5,0.0,0.0,1.0,0.5,1.0
D07230423,0.5,0.0,0.5,1.0,0.0,3.0
D07230426,1.0,1.0,0.0,1.0,0.0,1.0
D07231148,1.0,0.5,0.5,1.0,1.0,2.5
D07231149,1.5,1.0,0.0,1.0,0.0,2.0
D07231158,0.5,1.5,0.0,1.0,1.0,2.0
D07231159,1.0,1.5,0.0,1.5,0.5,1.5
D07231188,0.5,0.5,0.0,0.5,0.0,1.0
D07231468,2.0,0.0,0.0,1.0,0.5,2.0
D07231568,0.5,1.0,0.0,1.0,0.0,2.0
D07231569,1.0,1.0,0.0,1.5,1.0,2.0
D07231571,1.0,1.0,1.0,1.0,0.5,0.5
D07231572,0.5,0.5,0.0,0.5,0.0,2.0
D07231582,1.0,1.5,1.0,2.0,1.0,3.0
D07231736,1.0,1.0,1.0,1.0,0.5,2.0
D07231737,0.0,1.0,0.0,2.0,1.0,1.5
D07231995,0.5,0.5,0.0,1.0,1.0,0.0
D07231996,1.5,2.0,0.0,1.0,1.0,2.0
D07231997,1.5,1.0,0.5,1.0,1.0,1.5
D07232099,1.0,1.0,0.0,1.0,0.0,2.5
D07232236,1.5,2.0,0.0,1.0,0.5,2.0
D07232477,1.5,1.0,0.0,1.0,0.0,2.0
D07232484,0.5,2.0,0.0,0.0,0.5,2.0
D08210265,1.0,1.0,1.0,1.0,0.0,2.0
D08210266,1.0,2.0,1.0,1.5,0.0,2.0
D08210341,1.0,1.0,0.0,1.0,1.0,2.5
D08210360,1.0,1.0,0.0,1.5,0.5,2.5
D08210361,1.0,1.0,0.0,2.0,1.0,2.5
D08210561,1.5,2.0,0.0,1.0,0.5,2.0
D08210562,1.0,1.5,0.0,1.5,1.0,2.0
D08210669,1.0,1.0,0.0,1.0,0.5,1.5
D08210678,0.5,0.0,0.0,0.5,0.5,1.0
D08210806,1.0,1.5,0.0,1.0,0.5,1.5
D08211096,1.0,2.0,0.0,1.0,0.0,2.5
D08211097,1.0,2.0,0.0,1.0,1.5,2.0
D08211098,1.0,1.0,0.0,1.0,0.5,1.5
D08211099,1.0,2.0,0.0,1.0,0.0,2.5
D08211100,2.0,2.0,0.0,1.0,0.5,2.5
D08211101,2.0,2.0,0.0,1.0,0.0,3.0
D08211102,2.0,2.0,0.0,1.0,1.0,2.0
D08211103,1.0,1.0,0.0,1.0,0.0,2.0
D08211104,1.0,1.0,0.0,1.0,1.0,2.0
D08211105,1.0,1.0,0.0,1.0,0.5,2.0
D08211106,1.0,1.0,0.5,1.0,0.5,2.0
D08211107,1.0,3.0,0.0,1.0,0.5,2.0
D08211108,1.0,0.5,0.0,1.0,1.0,2.0
D08211109,0.5,1.0,1.0,1.0,0.0,2.0
D08211110,2.0,0.0,0.0,1.0,0.5,1.5
D08211111,1.5,1.5,0.0,1.0,0.5,2.5
D08211112,1.0,1.0,0.5,1.0,0.5,2.5
D08211113,1.5,1.5,0.0,2.0,0.5,3.0
D08211152,2.0,1.0,1.5,1.0,1.0,2.0
D08211153,2.0,2.0,2.0,3.0,1.0,2.0
D08211220,1.0,1.0,0.0,1.0,0.5,2.0
D08211221,1.0,1.0,0.0,1.0,0.0,2.5
D08211222,1.0,2.0,0.0,1.5,0.5,2.5
D08211224,2.0,2.0,1.0,1.0,0.5,2.0
D08211225,2.0,2.0,1.0,1.0,0.0,2.0
D08211244,1.6666666666666667,1.3333333333333333,1.0,1.0,0.5,1.5
D08211246,1.6666666666666667,1.3333333333333333,1.0,1.0,0.5,1.5
D08211247,1.5,1.5,1.0,1.0,0.5,1.5
D08211248,2.0,2.0,1.0,1.0,0.5,1.5
D08211296,0.5,0.5,0.0,1.0,0.5,1.5
D08211533,2.0,1.5,1.0,1.5,0.5,1.5
D08211580,1.0,1.6666666666666667,1.3333333333333333,1.0,0.5,1.5
D08211637,0.0,1.5,0.0,1.0,0.5,1.5
D08211638,0.0,1.0,0.0,1.0,0.0,1.5
D08211641,1.0,0.0,0.0,1.0,0.5,1.0
D08211710,1.0,0.0,0.0,1.5,0.5,1.5
D08211737,1.0,1.0,0.0,1.0,0.5,2.5
D08211738,1.0,1.0,0.0,1.0,0.0,3.0
D08211743,1.0,1.0,0.0,1.0,0.5,2.5
D08211744,0.0,1.0,0.0,1.0,0.0,2.0
D08211745,1.0,0.5,0.0,1.0,0.0,2.5
D08212073,0.0,0.0,0.0,0.0,0.0,1.0
D08212074,0.0,1.0,0.0,0.5,0.0,2.5
D08212075,0.0,1.0,0.0,0.5,0.0,1.0
D08212076,0.5,2.0,0.0,1.0,0.5,1.5
D08212077,2.0,1.0,0.0,1.0,1.0,3.0
D08212078,0.0,0.5,0.0,0.0,0.0,0.5
D08212079,0.5,1.0,0.0,1.0,0.5,2.0
D08212080,2.0,1.5,0.0,2.0,1.0,2.5
D08212085,1.0,1.0,1.0,1.0,0.5,1.5
D08212086,1.0,2.0,1.0,1.0,0.5,1.5
D08212197,1.5,0.5,0.5,1.0,1.0,2.0
D08212321,1.0,1.0,0.0,1.0,0.0,2.5
D08212322,1.0,1.0,0.0,1.0,0.5,2.5
D08212443,1.5,1.5,1.0,1.0,0.0,2.5
D08212444,0.0,0.0,0.0,0.5,0.5,1.5
D08212445,0.0,1.0,0.0,1.0,0.5,1.5
D08212469,1.0,1.0,0.0,1.0,0.5,2.0
D08212553,1.0,1.5,0.0,1.0,0.5,2.5
D08212612,1.0,2.0,1.0,1.0,0.5,2.5
D08212613,1.0,1.0,0.0,1.0,1.0,2.5
D08212870,2.0,0.0,0.0,1.0,0.5,1.5
D08212958,0.0,1.0,0.0,1.0,0.5,2.0
D08212961,0.0,1.5,0.0,1.0,0.5,2.0
D08212968,0.5,1.0,0.0,1.0,1.0,3.0
D08212970,1.0,1.5,0.0,1.0,0.5,2.0
D08212972,1.0,0.0,0.0,1.0,0.5,3.5
D08220275,0.5,0.5,0.5,2.0,0.0,3.0
D08220276,1.0,0.0,0.0,1.0,0.0,2.5
D08220277,2.5,3.0,0.0,1.0,0.0,2.0
D08220278,3.0,1.5,0.5,1.0,0.0,3.0
D08220500,1.5,2.0,0.0,2.0,1.0,1.5
D08220501,1.0,1.0,0.5,0.5,0.0,2.0
D08220502,1.0,2.0,0.5,0.5,0.0,2.0
D08220961,0.5,0.0,0.0,1.0,0.0,2.0
D08220962,2.0,0.0,0.0,1.0,0.5,1.5
D08221101,1.0,0.0,0.0,1.0,0.0,2.0
D08221108,1.0,2.0,0.0,1.0,0.0,3.0
D08221109,1.0,1.0,0.0,1.5,1.0,2.5
D08221110,0.5,1.5,0.0,1.0,0.0,2.0
D08221193,1.0,1.5,0.5,1.0,0.0,1.5
D08221194,0.5,0.0,0.0,1.0,0.0,1.0
D08221195,2.0,2.5,1.0,1.0,0.0,2.0
D08221196,0.5,1.0,0.0,1.5,0.0,2.0
D08221210,1.5,1.5,1.0,1.5,1.0,2.5
D08221211,1.0,1.0,0.5,2.0,0.5,2.0
D08222350,1.0,1.0,0.5,1.0,0.0,1.5
D08222616,0.5,1.0,0.0,1.0,0.0,1.5
D08222617,1.0,0.5,0.0,1.0,0.0,2.0
D08222619,2.0,1.0,0.5,1.0,2.0,4.0
D08222620,2.0,0.0,0.0,1.0,0.5,2.5
D08222621,0.5,1.0,0.0,1.5,0.5,1.5
D08222690,0.5,1.0,0.0,1.0,1.0,2.0
D08230076,0.0,0.0,0.0,1.5,0.5,1.0
D08230077,0.0,0.5,0.0,1.5,0.5,1.0
D08230078,0.0,0.0,0.0,1.0,0.0,1.5
D08230079,0.5,1.0,0.5,1.5,1.0,2.5
D08230080,0.0,0.0,0.0,1.0,1.0,1.0
D08230081,0.0,0.0,0.0,1.0,0.0,0.5
D08230727,1.0,1.0,0.5,1.0,0.0,2.0
D08230728,1.0,1.0,0.0,2.0,0.0,2.5
D08230729,1.0,1.0,0.0,2.0,0.0,2.5
D08230995,1.5,1.0,0.0,1.0,0.0,2.0
D08231640,1.0,0.5,1.0,1.0,0.0,2.0
D08231641,1.5,1.5,1.0,1.0,0.0,2.0
D08231642,0.5,0.5,0.0,1.0,0.0,2.5
D08232222,0.0,0.0,0.0,0.0,0.0,0.5
D08232485,0.0,0.5,0.0,0.0,1.0,0.5
D09210025,0.0,0.0,0.0,1.0,0.0,2.0
D09210026,0.0,1.0,0.0,1.0,0.5,1.5
D09210212,2.0,3.0,3.0,1.5,1.0,2.0
D09210213,1.5,2.0,0.0,1.0,0.5,2.5
D09210214,0.0,1.0,0.0,1.0,0.0,2.5
D09210215,1.0,1.5,0.5,1.0,0.5,2.5
D09210216,0.0,0.5,0.0,0.0,0.0,0.5
D09210217,0.0,0.5,0.0,0.0,0.0,0.5
D09210327,2.0,1.0,2.0,2.0,2.0,2.0
D09210328,1.0,1.0,1.0,1.0,1.0,1.5
D09210385,2.0,2.0,1.0,1.0,1.0,1.0
D09210907,2.0,0.5,2.0,1.0,0.5,1.0
D09210908,0.0,0.0,0.0,0.0,1.0,0.5
D09210909,0.5,1.5,0.0,1.0,0.5,1.0
D09210910,0.5,1.5,0.0,0.5,1.0,1.5
D09211028,2.0,1.0,1.0,1.0,1.0,2.5
D09211029,2.0,2.0,1.0,1.0,1.0,2.5
D09211158,0.5,1.5,0.0,1.0,0.5,1.5
D09211223,0.5,1.5,0.0,1.0,0.5,2.5
D09211224,0.0,1.5,0.0,2.0,0.5,2.0
D09211225,1.0,1.5,0.0,1.0,0.0,2.0
D09211232,2.0,1.5,0.0,1.0,0.0,3.0
D09211233,0.0,2.0,0.0,1.0,0.0,1.5
D09211234,2.0,2.0,0.0,1.0,0.0,2.5
D09211235,1.0,2.0,0.0,1.0,1.0,2.0
D09211236,0.0,1.5,0.0,1.0,1.0,2.0
D09211237,0.0,1.0,0.0,1.0,0.5,2.5
D09211238,0.0,1.5,0.0,1.0,0.0,3.0
D09211239,0.0,1.5,0.0,1.0,1.0,3.0
D09211240,2.0,1.5,0.0,1.0,1.0,2.0
D09211241,1.0,1.0,0.5,1.0,0.5,2.0
D09211242,1.0,2.5,0.0,2.5,0.0,2.0
D09211243,1.0,1.5,0.0,1.0,0.5,2.0
D09211244,2.0,2.0,0.0,1.0,0.5,2.0
D09211245,1.5,1.5,0.0,1.0,0.0,3.0
D09211246,2.0,2.5,0.5,1.0,1.0,3.0
D09211247,1.5,2.0,0.0,1.0,0.0,2.5
D09211542,2.0,3.0,3.0,1.0,0.0,1.5
D09211650,1.0,0.5,0.0,1.0,0.0,1.5
D09211658,0.0,0.5,0.0,0.0,0.0,0.5
D09211659,2.0,0.0,0.0,1.0,0.5,1.5
D09211660,1.5,1.5,1.0,0.0,0.0,2.5
D09211661,2.0,3.0,2.0,1.5,1.0,2.5
D09211746,1.0,1.0,1.0,1.0,1.0,1.0
D09211829,1.5,1.0,0.0,1.0,0.0,2.0
D09211830,1.0,1.0,0.0,1.0,0.5,2.5
D09211831,1.0,2.0,1.0,1.0,0.5,1.0
D09211832,1.5,2.0,1.0,1.0,0.5,1.5
D09211833,1.0,1.0,0.0,1.5,0.5,2.5
D09211834,1.0,1.5,0.5,1.0,0.0,2.5
D09212191,2.0,1.0,1.0,1.0,1.0,3.0
D09212196,2.0,2.0,0.0,1.0,0.5,2.0
D09212198,2.0,1.0,0.0,1.0,1.0,1.5
D09212201,0.0,1.0,0.0,1.0,0.5,1.5
D09212202,1.0,1.0,0.0,1.0,0.5,2.5
D09212207,0.5,1.0,0.0,1.0,0.5,2.5
D09212208,0.0,1.0,0.0,1.0,0.0,2.5
D09212209,1.0,1.0,0.0,1.0,0.0,2.0
D09212210,2.0,2.0,0.0,1.0,1.0,2.5
D09212212,2.0,2.0,0.0,1.0,0.0,3.0
D09212224,1.5,1.5,0.0,1.0,0.0,2.0
D09212302,1.0,1.0,0.0,1.0,0.5,2.5
D09212303,1.0,1.0,0.0,1.0,0.5,2.5
D09212367,0.0,0.0,0.0,0.0,0.5,1.0
D09212497,1.0,1.5,0.0,1.0,0.5,2.0
D09212499,1.6666666666666667,2.0,1.3333333333333333,1.0,0.5,1.5
D09212650,1.0,1.5,0.0,1.0,0.5,2.5
D09212679,0.5,0.0,0.0,0.5,0.0,1.5
D09212686,0.5,0.5,0.0,1.0,1.0,1.5
D09212902,2.0,2.0,2.0,3.0,1.0,1.5
D09212983,1.0,2.0,1.0,1.0,0.5,2.5
D09212984,1.0,2.0,1.0,2.0,0.5,2.0
D09212985,1.0,2.0,1.0,2.0,0.5,2.5
D09212986,2.0,2.0,0.5,2.0,1.0,2.5
D09212987,2.0,2.0,0.0,3.0,1.0,3.0
D09212988,2.0,2.0,1.0,1.0,0.0,2.5
D09213073,1.5,1.5,0.0,1.0,0.0,2.5
D09213076,0.0,2.0,0.0,1.0,0.5,2.0
D09213077,1.0,1.0,0.0,1.0,0.5,2.0
D09213102,0.0,0.0,0.0,1.0,0.5,2.0
D09213282,1.5,2.0,1.0,1.0,1.0,2.0
D09220048,2.0,1.0,0.0,2.0,1.0,2.0
D09220049,2.0,1.5,1.0,2.0,1.0,3.0
D09220051,1.0,1.5,0.0,1.5,0.5,2.0
D09220052,1.5,2.0,0.0,1.0,0.0,2.0
D09220053,1.5,2.0,0.5,1.0,1.0,3.5
D09220054,1.0,0.0,0.0,1.0,3.0,3.0
D09220108,0.0,0.0,0.0,0.0,0.0,0.0
D09220123,0.5,0.5,0.0,0.5,0.0,1.5
D09220160,1.5,0.0,0.5,1.0,2.0,2.0
D09220306,2.0,0.0,0.0,2.0,1.0,4.0
D09220307,2.0,0.0,0.0,1.0,0.5,1.5
D09220771,1.5,0.0,1.0,0.0,0.0,3.0
D09220772,1.0,1.0,1.0,0.5,1.0,3.0
D09220773,1.5,0.0,1.0,0.5,1.0,3.5
D09220774,1.0,2.0,1.0,1.0,1.0,0.5
D09221272,2.5,2.0,0.0,1.0,0.5,3.0
D09221440,2.0,0.0,0.0,1.0,0.5,3.0
D09221489,1.0,1.5,0.0,1.5,1.5,2.0
D09221490,1.0,1.0,0.5,1.5,0.0,4.0
D09221491,2.0,1.5,1.0,0.0,0.0,3.0
D09221492,1.0,0.5,0.0,1.0,0.5,2.0
D09221493,0.0,1.0,0.0,0.0,0.0,0.5
D09221494,1.0,1.5,0.0,1.0,0.0,2.0
D09221495,1.0,1.0,0.5,1.0,0.0,2.0
D09222704,2.0,0.0,0.0,1.0,0.0,1.5
D09222705,1.0,0.0,0.0,1.5,0.0,2.5
D09222758,1.0,1.5,0.5,1.0,1.5,2.0
D09222759,1.0,2.0,1.0,1.5,0.5,2.5
D09222760,1.5,0.0,0.5,1.5,1.0,2.5
D09222761,1.5,2.0,0.0,1.0,0.5,2.5
D09222829,1.0,0.0,0.5,0.5,0.0,2.0
D09222830,0.5,1.0,0.0,0.5,0.0,1.5
D09230089,0.5,1.0,0.0,1.0,0.0,3.0
D09230238,2.0,0.0,0.0,0.0,0.0,1.5
D09230526,1.0,1.0,0.0,1.0,0.5,2.0
D09230527,1.5,1.0,0.0,1.0,0.0,2.0
D09230564,1.0,0.5,0.0,1.0,0.0,3.0
D09230565,1.0,1.5,1.0,1.0,0.0,2.5
D09230652,0.5,0.5,0.0,1.0,1.0,1.0
D09230667,2.0,2.5,0.0,1.0,0.5,2.5
D09230668,1.0,1.0,0.0,1.0,0.5,2.0
D09230669,1.5,1.5,0.0,1.0,0.5,2.0
D09230670,1.0,0.5,0.0,1.0,0.5,2.0
D09231832,1.5,1.0,1.0,1.5,1.0,2.0
D09231897,0.5,0.5,0.0,0.5,0.0,1.5
D09231966,0.0,0.0,0.0,0.0,0.0,1.0
D09231973,0.0,0.5,0.0,0.0,0.0,1.0
D09231974,0.0,0.5,0.0,0.0,0.0,0.0
D09232099,0.5,0.5,0.0,1.0,0.0,0.0
D09232100,0.5,0.5,0.0,1.0,0.0,0.0
D09232545,0.5,1.0,0.0,1.0,1.0,1.0
D09232546,0.5,1.0,0.0,1.0,1.0,2.0
D09232638,0.0,0.0,0.0,0.0,0.0,0.5
D09232639,0.5,0.0,0.0,0.0,0.0,1.5
D09232738,0.5,0.5,0.0,1.0,1.0,1.0
D10210041,1.0,1.0,0.0,1.0,0.5,2.5
D10210059,1.0,2.5,2.0,3.0,0.0,1.5
D10210731,1.0,2.0,0.5,2.0,0.0,2.0
D10210920,1.0,1.0,0.0,1.0,0.5,1.5
D10210921,1.5,2.0,0.0,1.0,0.5,2.0
D10210980,1.0,1.5,0.0,1.0,0.5,2.0
D10210981,0.5,2.0,0.0,1.0,0.5,1.5
D10211183,2.0,3.0,0.0,1.0,1.0,2.0
D10211184,0.0,3.0,0.0,1.0,1.5,2.0
D10211185,2.0,1.0,0.0,1.0,0.0,2.0
D10211186,1.0,3.0,0.0,1.0,0.0,3.0
D10211187,1.0,3.0,0.0,2.0,0.0,1.5
D10211195,1.0,3.0,0.0,1.0,0.0,2.5
D10211196,1.0,2.0,0.0,1.0,0.5,2.5
D10211197,2.0,2.0,0.0,1.0,0.5,1.5
D10211198,2.0,3.0,0.0,1.0,0.5,1.5
D10211199,1.0,3.0,0.0,7.0,0.0,1.5
D10211200,1.5,2.5,0.0,1.0,1.0,2.5
D10211201,1.5,0.5,0.0,1.0,1.0,1.5
D10211202,1.5,2.0,0.0,1.0,0.0,2.5
D10211203,1.5,2.0,0.0,1.0,0.5,2.5
D10211204,1.0,3.0,0.0,1.0,0.5,2.0
D10211205,1.5,2.5,0.0,1.0,1.5,2.0
D10211206,1.5,2.0,0.0,1.0,1.0,2.0
D10211207,1.5,2.5,0.0,1.0,1.0,2.0
D10211448,0.0,1.0,0.0,1.0,0.0,1.0
D10211449,2.0,2.0,1.0,1.0,0.0,0.5
D10211519,3.0,2.0,0.0,1.0,1.0,2.0
D10211520,0.0,3.0,0.0,2.0,1.0,2.0
D10211572,1.5,2.0,2.0,2.0,1.0,2.5
D10211573,0.5,0.0,0.0,1.0,0.0,1.5
D10211611,2.0,0.5,0.0,1.0,0.5,2.0
D10211677,0.0,0.0,0.0,0.5,0.0,1.5
D10212253,0.0,2.0,0.0,1.0,0.0,1.5
D10212254,0.0,2.0,0.0,1.0,0.5,1.5
D10212255,4.0,0.0,0.0,1.5,2.5,2.5
D10212299,1.0,3.0,0.0,2.0,0.5,2.0
D10212300,1.0,4.0,0.0,2.0,0.5,2.5
D10212301,1.0,3.0,0.0,2.0,0.5,2.0
D10212302,1.0,2.0,0.0,2.0,1.0,2.5
D10212303,1.0,3.0,0.0,2.0,1.0,2.0
D10212304,1.0,3.0,0.0,2.0,0.5,2.0
D10212305,1.0,3.0,0.0,1.0,1.0,2.5
D10212306,1.5,3.0,0.0,1.0,0.5,2.5
D10212307,1.0,3.0,0.0,1.0,1.0,2.5
D10212308,1.0,2.0,0.0,1.0,0.5,2.0
D10212309,1.5,3.0,0.0,2.0,1.0,1.5
D10212310,0.5,3.0,0.0,1.0,0.5,2.5
D10212721,1.0,2.0,1.0,1.0,0.5,2.0
D10212741,0.0,0.0,0.0,1.0,0.5,2.0
D10212742,0.0,0.0,0.0,1.0,1.0,2.5
D10212743,1.5,2.0,0.0,1.0,1.0,2.0
D10212773,1.0,3.0,0.0,1.0,0.5,3.0
D10212774,0.5,0.5,0.5,1.5,0.5,2.5
D10212868,1.0,2.0,0.0,2.0,0.5,1.5
D10212879,1.5,2.0,0.5,1.5,0.0,2.0
D10220473,0.5,0.0,0.0,0.5,0.0,1.5
D10220474,0.5,1.5,0.0,1.5,1.0,2.0
D10220475,0.5,0.0,0.0,1.0,1.0,2.0
D10220476,0.5,0.5,0.0,1.0,1.0,2.0
D10220494,0.5,1.0,0.0,0.0,0.0,1.5
D10220696,1.0,1.0,0.0,0.0,0.0,0.5
D10220717,1.0,1.0,1.0,1.0,1.0,2.5
D10220718,1.0,1.5,0.0,4.0,2.0,2.0
D10220719,2.0,1.0,0.5,1.0,1.0,1.5
D10220720,2.0,1.5,0.0,2.0,1.0,2.5
D10220721,1.0,1.0,0.5,1.0,1.0,2.5
D10220942,0.0,0.0,0.0,1.5,0.5,1.0
D10220943,1.0,2.0,0.0,1.0,0.0,2.0
D10221374,1.5,2.0,0.5,1.0,0.5,1.5
D10221375,2.5,1.5,0.0,1.0,3.0,2.5
D10221377,1.5,1.0,0.0,1.5,1.0,2.0
D10221378,1.5,1.5,1.0,1.5,1.0,2.5
D10222462,1.5,1.5,1.0,0.0,0.0,2.5
D10230338,0.5,1.0,0.0,0.0,1.0,0.5
D10230462,0.5,1.0,0.0,0.0,0.0,1.0
D10230712,2.0,0.0,0.0,1.0,1.0,1.5
D10230927,1.0,1.0,0.0,1.5,0.5,2.0
D10230928,0.5,1.0,0.5,1.0,0.5,2.5
D10230929,1.0,3.0,0.0,1.0,0.5,2.0
D10230933,0.5,0.5,1.0,0.0,0.0,0.0
D10231056,1.5,3.5,0.5,1.0,0.0,2.0
D10231139,1.0,1.5,0.0,1.0,0.0,0.0
D10231323,0.5,1.0,0.0,1.0,0.5,2.0
D10231836,2.5,1.5,0.5,1.0,1.0,2.5
D10231839,1.0,0.5,0.5,1.0,0.5,2.5
D10231840,1.0,0.0,1.0,0.5,1.0,1.5
D11210408,1.0,2.0,0.0,2.0,0.0,2.5
D11210409,1.0,2.0,0.0,1.0,0.0,2.5
D11210425,0.0,0.0,0.0,1.0,0.5,2.5
D11210809,1.0,2.0,0.0,1.0,0.0,2.0
D11210810,1.0,1.0,0.0,1.0,0.0,2.0
D11210811,1.0,1.5,0.0,1.0,1.0,2.5
D11210816,1.0,3.0,0.0,1.0,0.0,3.0
D11210897,1.0,1.0,0.0,2.0,0.5,1.5
D11210898,1.5,1.5,0.5,1.5,1.0,2.0
D11210899,0.0,0.0,0.0,1.0,0.5,1.0
D11210976,0.0,0.0,0.0,1.0,0.5,2.0
D11210977,1.0,1.0,0.0,2.0,0.5,2.0
D11210978,2.0,2.0,0.0,1.0,0.5,2.5
D11210979,0.0,1.0,0.0,1.0,0.5,2.5
D11211018,1.0,1.5,1.0,1.0,0.5,2.0
D11211099,2.0,7.0,0.0,1.0,0.0,2.5
D11211100,1.0,3.0,0.0,1.0,1.0,2.5
D11211102,2.0,1.0,0.0,1.0,0.5,3.0
D11211104,1.0,1.0,0.0,1.0,1.0,2.5
D11211105,1.0,3.0,0.0,1.0,0.5,2.5
D11211106,2.0,1.5,0.0,1.0,0.5,2.0
D11211107,2.0,1.5,0.0,1.0,0.5,2.0
D11211110,6.0,7.0,0.5,1.0,0.5,2.5
D11211111,2.0,3.0,0.0,1.0,1.5,2.0
D11211112,1.0,3.5,0.0,1.0,0.5,2.0
D11211113,6.0,6.5,0.0,1.0,0.0,2.0
D11211114,1.0,3.0,0.5,1.0,0.5,2.0
D11211115,1.0,2.0,0.0,1.0,1.0,2.0
D11211116,2.0,1.0,0.0,1.0,1.0,2.0
D11211117,1.0,1.0,0.0,1.0,0.0,3.0
D11211118,1.0,2.0,0.0,1.5,0.0,2.5
D11211154,3.0,3.0,1.0,1.0,1.0,2.5
D11211155,2.0,2.0,1.0,1.5,2.0,1.0
D11211278,2.0,2.5,0.0,1.0,0.0,1.0
D11211279,1.0,2.0,0.0,2.5,0.5,2.0
D11211362,3.0,3.0,1.0,1.0,1.0,2.5
D11211363,1.0,1.5,0.0,2.0,1.0,2.0
D11211364,0.0,0.0,0.0,1.0,0.5,1.5
D11211365,4.0,2.0,0.5,3.5,0.5,2.5
D11211367,1.0,2.0,0.0,1.0,0.0,2.0
D11211861,1.0,2.0,0.0,1.0,0.0,1.0
D11211862,1.0,3.5,0.5,1.0,0.0,1.0
D11211863,0.0,1.0,0.0,1.0,0.0,2.0
D11211864,0.0,1.0,0.0,1.0,0.0,1.0
D11211865,1.0,1.0,0.0,1.0,0.0,1.0
D11211866,0.0,1.0,0.5,1.0,0.0,1.0
D11211867,1.5,1.5,0.5,1.0,0.5,2.0
D11211868,1.0,2.0,0.0,1.5,1.0,2.5
D11211869,0.0,1.5,0.0,1.0,1.0,0.0
D11211988,1.5,2.0,0.5,1.0,0.0,2.0
D11212230,2.0,2.0,0.0,1.0,1.0,2.0
D11212326,0.5,0.5,0.0,1.0,5.5,1.0
D11212340,2.0,2.0,0.5,1.0,1.0,2.0
D11212341,2.0,1.5,0.0,1.0,1.0,2.0
D11212343,2.0,2.0,0.0,1.5,1.0,2.5
D11212344,2.0,1.5,0.0,1.0,1.0,1.5
D11212345,2.0,1.5,0.0,1.0,1.0,2.5
D11212347,2.0,1.5,0.5,1.0,0.5,2.0
D11212348,2.0,2.0,0.0,1.0,0.0,1.0
D11212349,2.0,1.5,0.5,1.0,1.0,2.0
D11212350,1.0,1.5,0.5,1.0,1.0,2.5
D11212351,0.0,2.0,0.0,1.5,0.5,2.0
D11212352,2.0,2.0,0.5,1.0,1.0,3.0
D11212397,0.5,1.0,1.0,1.0,0.0,1.5
D11212398,0.5,0.0,0.5,1.5,0.5,1.0
D11212400,0.0,0.0,0.0,0.0,0.5,1.0
D11212520,0.0,2.0,0.0,1.0,0.0,1.0
D11212591,1.0,2.0,0.0,1.0,1.5,1.0
D11212592,0.0,2.0,0.5,1.0,0.0,1.0
D11212594,2.0,2.0,0.0,1.0,0.5,2.0
D11212595,2.0,3.0,0.5,1.0,0.5,1.0
D11212596,2.0,2.0,0.0,1.0,2.0,3.0
D11212597,0.0,2.0,0.0,1.0,0.0,1.0
D11212641,2.0,0.0,0.0,1.0,0.0,1.5
D11212852,2.0,1.0,0.0,1.0,2.0,3.0
D11212853,2.0,1.0,0.0,2.0,0.0,1.0
D11212854,2.0,1.0,0.0,1.0,0.0,2.0
D11212855,2.0,2.0,0.0,1.0,0.0,1.0
D11212856,2.0,2.0,0.0,1.0,0.0,1.0
D11212857,1.5,2.0,0.5,1.0,0.0,1.0
D11212858,2.5,2.0,0.0,1.5,0.0,1.5
D11220072,0.5,0.0,0.5,2.0,0.5,2.5
D11220073,1.0,2.0,0.0,1.0,0.5,2.5
D11220074,1.5,3.0,1.0,3.0,1.0,2.5
D11220075,1.5,0.0,0.5,1.0,0.5,2.5
D11220076,2.0,1.0,0.0,1.0,0.5,1.5
D11220077,0.5,1.0,0.0,2.0,1.0,2.0
D11220229,0.5,0.0,0.0,1.0,1.0,1.5
D11220230,1.0,0.0,0.5,0.0,1.0,1.5
D11220963,0.5,1.0,0.5,1.5,0.0,2.0
D11220964,0.5,1.0,0.0,1.5,1.0,2.5
D11220965,0.5,0.5,0.0,1.5,0.0,2.0
D11220966,0.5,1.0,0.0,1.0,1.0,2.0
D11221167,1.0,1.5,0.0,1.0,0.5,2.0
D11221483,1.0,1.5,0.0,1.0,0.0,2.0
D11221490,1.0,1.0,0.0,1.0,0.0,2.0
D11221890,1.0,1.0,0.0,0.5,0.0,3.0
D11221891,1.5,0.5,0.5,1.5,0.5,2.0
D11221896,1.0,1.0,0.0,1.0,0.5,2.0
D11222094,2.0,1.5,0.0,0.0,0.0,1.5
D11222186,1.0,1.0,0.0,1.5,0.5,2.5
D11222346,0.5,0.5,0.0,1.0,0.5,1.5
D11222347,1.0,1.0,0.0,0.0,0.0,2.0
D11222348,0.5,1.0,0.5,1.0,0.5,1.5
D11222545,0.5,1.0,0.0,0.5,1.0,2.0
D11222546,1.5,1.5,1.0,2.0,0.0,2.5
D11230232,2.0,1.5,0.0,2.5,2.0,1.5
D11230233,2.0,0.0,0.0,1.0,0.0,1.5
D11230743,1.0,1.5,0.0,1.0,0.0,2.0
D11230745,1.5,2.0,0.5,1.5,0.0,2.0
D11231016,1.0,2.0,0.5,1.0,0.0,2.0
D11231018,1.5,1.5,0.5,1.0,1.0,2.5
D11231019,1.0,2.0,0.0,2.0,0.5,3.0
D11231020,1.0,1.0,0.5,2.0,0.0,2.0
D11231023,1.5,1.5,0.0,1.0,1.0,2.0
D11231027,1.0,1.0,0.0,0.5,0.0,1.5
D11231732,1.0,1.0,0.0,1.0,0.5,1.0
D11232110,1.5,0.0,0.5,0.5,1.0,1.5
D11232885,1.0,1.0,0.0,1.0,0.5,2.5
D11232886,0.5,1.5,0.0,1.0,0.5,1.5
D12210089,0.5,0.5,0.0,1.5,0.5,2.0
D12210090,0.0,0.0,0.0,1.5,0.5,1.0
D12210214,2.0,0.0,0.0,1.0,0.0,1.5
D12210332,2.5,3.0,1.0,1.5,1.0,2.5
D12210333,1.5,2.0,1.0,1.0,1.0,1.0
D12210339,1.0,2.0,0.5,1.0,1.0,1.5
D12210340,1.0,0.0,0.5,1.0,0.5,1.0
D12210342,0.0,1.0,0.0,0.0,0.0,1.0
D12210343,0.5,1.0,0.0,0.5,0.5,1.5
D12210730,0.5,2.0,0.0,1.0,0.0,2.0
D12210731,1.0,2.0,0.0,1.0,0.0,2.0
D12210740,0.5,3.0,0.0,1.0,1.0,1.0
D12210741,0.5,3.0,0.0,2.0,1.0,1.0
D12210962,2.0,2.5,0.0,2.0,1.0,2.0
D12211062,1.0,1.0,0.0,1.0,0.0,2.0
D12211136,0.5,1.5,0.0,3.0,3.0,2.0
D12211379,0.0,0.0,0.0,0.0,0.0,0.5
D12211407,1.5,2.0,0.0,1.0,1.0,2.0
D12211408,1.0,2.0,0.0,1.0,0.0,1.0
D12211540,2.0,1.5,0.0,1.0,1.0,2.0
D12211541,1.5,0.0,0.0,1.0,2.5,2.0
D12211542,1.0,2.0,0.0,1.0,1.0,1.5
D12211543,2.0,1.5,0.0,1.0,1.5,1.5
D12211579,1.0,1.5,0.0,1.0,0.0,1.0
D12211580,1.5,1.5,0.0,1.0,0.5,2.5
D12211581,1.5,0.0,0.0,1.0,1.0,1.0
D12211582,1.5,0.5,0.0,1.0,1.0,1.0
D12211630,0.0,0.5,0.0,0.0,0.0,2.0
D12211631,0.0,1.5,0.0,0.5,0.0,1.5
D12211632,0.0,0.0,0.0,0.0,0.0,0.5
D12211633,0.0,1.0,0.0,0.5,0.0,0.5
D12211634,1.0,2.0,0.5,1.0,0.5,1.5
D12211635,1.0,0.5,0.0,1.0,0.5,2.5
D12211636,1.0,1.0,0.5,1.5,0.5,2.0
D12211700,2.0,1.5,0.0,1.0,0.5,2.0
D12211701,1.5,3.0,0.0,1.0,1.0,2.5
D12211702,2.0,2.0,0.0,1.0,0.5,2.0
D12211703,1.5,1.0,0.0,1.0,0.5,2.0
D12211739,1.5,1.5,0.0,1.0,0.5,2.0
D12211740,1.5,1.5,0.0,1.0,1.0,2.0
D12211741,2.0,1.5,0.0,1.0,1.0,3.0
D12211742,1.5,1.5,0.0,1.0,0.0,3.0
D12211943,2.0,1.5,0.0,1.0,1.5,1.5
D12211944,1.5,0.5,0.0,1.0,1.5,1.5
D12212056,1.5,0.5,0.0,0.5,1.0,2.0
D12212057,2.0,1.5,0.0,1.0,0.0,2.0
D12212132,1.5,2.0,0.0,1.5,1.0,2.5
D12212162,1.0,1.0,0.0,2.0,1.1666666666666667,2.0
D12212163,1.0,1.5,0.0,1.5,1.0,2.0
D12212164,1.0,1.5,0.0,2.0,0.5,1.5
D12212276,1.5,1.0,0.0,1.0,0.0,2.0
D12212430,1.0,1.0,0.0,1.0,2.5,3.0
D12212431,2.0,2.0,0.0,1.5,0.0,2.0
D12212432,1.0,2.0,0.0,1.5,0.0,2.5
D12212433,1.0,1.5,0.0,1.0,0.0,2.0
D12212522,1.0,1.0,0.0,1.0,0.0,2.0
D12212543,1.5,1.0,0.0,1.0,0.0,2.0
D12212544,1.5,1.5,0.0,1.0,0.5,2.5
D12212545,1.0,2.0,0.0,2.0,0.0,2.0
D12212568,0.0,1.0,0.0,0.5,0.0,1.5
D12212714,1.0,1.0,0.0,1.5,1.0,2.5
D12212715,1.0,2.0,0.0,1.5,1.0,2.0
D12212716,1.5,1.5,0.0,1.0,0.0,2.0
D12212717,1.5,2.0,0.0,1.0,1.0,2.0
D12212718,1.5,1.5,0.0,2.0,1.5,2.5
D12212719,1.0,1.5,0.0,1.0,1.0,2.0
D12212729,1.0,1.0,0.0,1.0,0.0,2.5
D12212730,1.5,1.5,0.0,1.0,0.0,2.5
D12212733,2.0,2.0,0.0,1.5,0.0,2.5
D12212734,1.5,1.5,0.0,1.0,0.0,2.5
D12212812,0.5,1.0,0.0,0.5,0.5,1.0
D12212841,2.0,0.5,0.0,1.0,1.0,2.0
D12212842,1.5,2.0,0.0,1.0,0.0,3.0
D12221368,1.0,0.0,0.0,0.5,0.0,1.0
D12221369,0.5,0.5,0.0,1.0,0.5,2.0
D12221670,2.0,1.0,0.0,1.0,1.0,3.0
D12221796,1.0,1.0,0.0,1.0,0.0,2.0
D12221797,0.5,2.0,0.5,1.5,0.0,2.5
D12221798,1.0,0.5,0.0,0.5,0.0,2.0
D12221799,0.5,0.0,0.0,1.0,0.0,2.0
D12221800,0.5,1.0,0.0,1.5,0.0,2.0
D12221801,1.0,1.5,0.0,0.5,1.5,2.0
D12222052,1.0,1.0,0.5,2.0,2.0,3.0
D12222053,3.0,1.5,0.5,1.0,1.0,2.0
D12222054,0.5,0.0,0.0,0.5,0.0,2.0
D12222391,0.0,0.0,0.0,1.0,1.0,0.5
D12222392,2.0,2.5,0.0,1.0,1.0,2.5
D12222393,2.0,1.0,0.0,1.0,1.0,2.5
D12222394,1.5,2.5,0.5,1.5,0.0,2.0
D12222395,1.0,1.5,0.0,1.0,0.5,2.0
D12222396,1.0,1.5,0.0,1.0,0.0,2.5
D12222730,1.0,0.0,1.0,0.5,0.0,0.0
D12222731,0.5,0.0,0.0,1.0,0.0,1.0
D12222732,2.0,0.0,0.0,1.0,1.0,2.5
D12231225,1.5,2.0,0.0,1.0,0.5,2.0
D12231721,0.5,0.5,0.0,0.5,0.0,1.5
D12231722,1.0,1.0,0.5,1.0,1.0,2.0
D12232273,1.0,1.5,0.5,1.5,0.0,0.0
F01220349,0.5,0.5,1.0,1.0,0.0,1.0
F01220351,1.0,1.0,0.5,0.5,0.0,1.0
F01220358,1.0,1.5,1.0,1.5,2.0,2.5
F01220562,1.0,1.5,1.0,1.5,1.0,2.0
F01221694,2.0,1.0,0.0,1.0,0.5,1.5
F01221717,2.0,0.0,0.0,1.0,0.5,1.5
F01221811,0.5,1.0,0.0,1.0,0.5,2.0
F01222032,2.0,0.0,0.0,1.0,0.5,2.0
F01222033,2.0,2.0,0.0,2.0,0.5,1.0
F01222034,2.0,2.0,0.0,2.0,0.5,2.0
F01222266,2.0,0.0,0.0,1.0,0.5,1.5
F01222267,2.0,1.5,1.0,1.5,1.0,2.5
F01222268,2.0,1.5,0.0,1.5,1.0,3.0
F01222270,2.0,1.0,0.0,1.0,1.0,2.5
F01222271,1.0,0.5,0.5,1.0,0.5,1.5
F01222347,1.0,2.0,0.0,1.0,0.5,2.0
F01222888,0.5,1.0,0.5,1.0,0.0,2.0
F01222889,1.5,1.5,0.0,2.0,0.5,3.0
F01240932,1.0,1.0,0.5,1.5,1.0,3.0
F01242335,1.0,1.5,0.5,2.0,0.5,2.0
F02212794,1.0,1.0,1.0,2.0,0.0,2.5
F02220579,1.0,1.5,0.5,1.5,0.0,1.0
F02220829,2.0,0.0,0.0,1.0,0.0,0.0
F02220838,0.0,0.0,0.0,0.0,0.0,0.0
F02220839,2.0,0.0,0.0,0.0,0.0,0.0
F02220840,0.0,0.0,0.0,1.0,0.0,0.0
F02220841,2.0,0.0,0.0,1.0,0.5,1.5
F02221507,2.0,3.0,0.0,2.0,1.0,2.5
F02221529,1.0,2.0,0.0,2.0,1.0,1.0
F02221560,1.0,2.0,0.0,2.0,0.0,2.0
F02221561,1.0,2.0,0.0,1.0,1.0,1.5
F02221563,1.0,3.0,0.0,1.0,1.0,2.0
F02221596,1.0,2.0,0.0,1.0,1.0,2.0
F02232179,0.5,0.0,0.0,1.0,0.5,1.5
F02241166,2.0,0.0,0.0,1.0,0.5,2.0
F03221250,1.5,3.0,0.0,2.0,1.0,3.5
F03221434,0.0,0.0,0.0,0.0,0.5,0.0
F03221643,1.0,2.0,0.0,2.0,1.0,2.5
F03221662,1.0,1.0,0.0,3.0,1.0,1.5
F03231597,2.0,0.0,0.0,1.0,0.5,1.0
F03231598,2.0,0.0,0.0,0.0,0.5,1.5
F03231599,2.0,0.0,0.0,1.0,0.5,1.0
F03231600,0.0,0.0,0.0,1.0,0.5,1.5
F03231603,2.0,0.0,0.0,1.0,0.5,1.0
F03231604,2.0,0.0,0.0,0.0,0.5,1.5
F03231605,2.0,0.0,0.0,1.0,0.5,0.0
F03231606,0.0,0.0,0.0,1.0,0.5,1.5
F03232494,2.0,0.0,0.0,1.0,0.5,1.5
F03232495,2.0,0.0,0.0,1.0,0.5,1.5
F03232496,2.0,0.0,0.0,1.0,0.5,1.5
F04221746,0.5,0.0,0.0,1.5,0.5,2.0
F04231405,0.0,1.5,0.0,1.0,0.0,1.0
F05220509,1.0,0.5,0.5,1.0,0.0,3.0
F05220530,1.5,1.0,0.0,1.0,0.0,3.0
F06210281,1.0,0.0,1.0,3.0,0.5,1.5
F06212614,0.0,1.0,0.0,1.0,0.5,2.0
F07221213,1.5,1.5,1.0,2.0,1.0,2.5
F07222904,2.0,0.0,0.0,1.0,1.0,2.5
F07222905,2.0,0.0,0.0,1.0,0.0,2.0
F07222907,2.0,1.0,0.0,1.0,0.0,3.0
F07222908,2.0,0.0,0.0,1.0,0.5,3.0
F07222909,2.0,0.0,0.0,1.0,0.5,2.0
F08210264,1.0,1.0,0.0,1.0,0.5,1.5
F08210480,1.0,0.0,0.0,1.0,0.0,2.0
F08210683,1.0,1.0,1.0,1.0,0.5,1.5
F08211486,1.0,1.0,0.0,0.0,0.5,1.5
F08211487,1.0,1.0,0.0,0.0,0.5,1.5
F08211593,1.0,1.0,0.0,1.0,0.5,1.5
F08211595,2.0,0.0,0.0,1.0,0.5,1.5
F08211608,1.0,2.0,0.0,1.0,0.0,2.0
F08211642,1.0,1.0,0.0,1.0,0.5,1.5
F08211643,1.0,0.0,0.0,1.0,0.5,1.5
F08211644,1.0,1.0,0.0,1.0,0.5,1.5
F08211966,1.0,1.0,0.0,1.0,0.0,2.5
F08212108,1.0,0.5,1.0,0.5,0.0,0.5
F08212201,1.0,1.0,0.0,2.0,1.0,2.5
F08212357,3.0,2.0,0.0,1.0,1.0,2.5
F08230035,2.0,0.0,0.0,1.0,0.5,1.5
F09210256,2.0,2.0,0.0,1.0,0.5,2.5
F09210766,1.0,1.0,0.0,1.0,0.5,1.5
F09211507,0.5,0.5,0.0,1.0,1.5,1.5
F09211844,1.0,2.0,0.0,0.5,0.0,2.0
F09212554,2.0,2.0,0.0,1.0,1.0,2.0
F09212604,0.5,0.5,0.0,1.0,0.0,1.0
F10210719,0.5,0.5,0.0,0.5,0.0,2.0
F10210834,1.0,1.0,0.0,1.0,0.5,2.5
F10211215,2.0,0.0,0.0,1.0,0.5,1.5
F10211526,1.5,0.5,1.0,1.0,1.5,1.5
F10211986,1.0,0.0,0.0,1.0,0.5,1.5
F10212829,1.0,3.0,0.0,1.0,0.5,2.0
F10212857,1.0,2.0,1.0,3.0,1.5,1.5
F10222694,2.0,0.0,0.0,1.0,0.5,4.0
F10222695,2.0,0.0,0.0,1.0,0.5,3.0
F10230107,0.5,0.5,0.5,0.0,0.5,1.0
F10230171,1.0,0.5,0.0,0.5,0.0,1.5
F10230296,0.5,0.5,0.0,0.0,1.0,1.0
F10231071,1.0,0.5,0.5,1.0,1.0,1.0
F11210434,2.0,2.0,0.0,1.0,0.5,1.5
F11210435,2.0,2.0,0.0,1.0,0.5,1.5
F11210436,2.0,2.0,0.0,1.0,0.5,1.5
F11211135,2.0,0.0,0.0,1.0,0.5,1.5
F11211136,2.0,0.0,0.0,1.0,0.5,1.5
F11212434,2.0,2.0,0.0,1.0,1.0,2.0
F11212441,2.0,2.0,0.0,1.0,1.0,2.0
F11220374,2.0,0.0,0.0,1.0,0.5,1.5
F11220376,2.0,0.0,0.0,1.0,0.5,1.5
F11220377,2.0,0.0,0.0,1.0,0.5,1.5
F11220378,2.0,0.0,0.0,1.0,0.5,1.5
F11220877,1.0,1.0,0.0,0.0,0.0,0.0
F11223055,1.0,0.0,0.0,1.0,0.0,2.3333333333333335
F12210838,2.0,0.0,0.0,1.0,0.0,0.0
F12210839,2.0,0.0,0.0,1.0,0.0,0.0
F12211126,2.0,0.0,0.0,0.5,0.0,0.0
F12211127,2.0,0.0,0.0,0.0,0.0,1.5
F12211128,2.0,0.0,0.0,0.0,0.0,1.5
F12211409,2.0,0.0,0.0,1.0,0.0,1.5
F12211410,2.0,0.0,0.0,1.0,0.0,1.5
F12212322,2.0,0.0,0.0,1.0,0.0,1.5
F12212324,2.0,0.0,0.0,1.0,0.0,1.5
F12212365,2.0,0.0,0.0,1.0,0.0,1.5
F12220172,2.0,0.0,0.0,0.0,0.5,1.5
F12220173,2.0,0.0,0.0,0.0,0.5,1.5
F12230137,1.5,2.0,0.5,3.0,0.5,1.0
F12230293,1.0,2.0,0.5,1.0,0.5,2.0
F12230552,1.0,0.5,0.0,3.0,0.0,1.5
F12231419,1.5,1.5,1.5,1.0,1.0,2.0
F12232202,1.0,0.0,0.0,1.0,1.0,2.0
F12232240,2.0,0.0,0.0,1.0,1.0,2.0
F12232255,2.0,0.0,0.0,1.0,1.0,2.0
G01221726,2.0,0.0,0.0,1.0,0.5,1.5
G01222553,2.0,0.0,0.0,1.0,0.5,1.5
G01222554,2.0,0.0,0.0,1.0,0.5,1.5
G01222555,2.0,0.0,0.0,1.0,0.5,1.5
G01222557,2.0,1.0,0.0,1.0,0.0,1.0
G01222558,2.0,0.0,0.0,1.0,0.5,1.5
G01232116,2.5,2.0,0.0,1.0,0.5,3.0
G01232117,1.0,0.0,0.0,1.0,0.0,2.0
G02220828,1.0,1.0,0.0,0.5,0.0,2.0
G12220725,0.5,0.0,0.0,1.0,1.0,2.5
G12220726,2.0,0.0,0.0,1.0,0.5,1.5
G12220727,2.0,0.0,0.0,1.0,0.5,1.5
G12220728,2.0,0.0,0.0,1.0,0.5,1.5
G12222664,2.0,0.0,0.0,1.0,0.0,1.5
G12222665,2.0,0.0,0.0,1.0,0.0,1.5
P11220792,1.0,2.0,0.0,2.0,0.0,1.0
P11220793,1.0,1.0,0.5,3.0,0.0,3.0
Z01230690,0.5,1.0,0.0,1.0,0.0,2.0
Z01230691,1.0,2.0,0.0,1.0,0.0,2.0
Z01230788,1.5,1.5,0.0,1.5,1.25,2.5
Z01230789,1.0,1.5,0.0,1.0,1.0,2.5
Z01230790,1.0,1.0,0.0,1.0,1.0,1.0
Z01230796,1.0,1.5,0.0,1.0,0.0,2.5
Z01230797,1.0,2.0,0.0,3.0,1.0,2.0
Z01230798,1.0,2.0,0.0,2.0,1.0,2.0
Z01230806,1.5,1.5,0.5,2.0,2.0,2.0
Z01230807,1.0,1.5,0.0,1.5,1.0,2.0
Z01230808,1.5,2.0,0.0,1.0,0.0,2.0
Z01230811,1.0,1.5,0.0,1.0,1.0,2.5
Z01230812,1.0,2.0,0.0,1.5,1.0,2.0
Z01230813,1.0,2.0,0.0,1.5,1.0,2.0
Z01230814,1.5,1.5,0.0,1.5,0.5,1.5
Z01230815,1.0,1.5,0.5,1.0,0.5,2.0
Z01231005,1.0,2.0,0.5,1.0,0.5,2.0
Z01231007,0.5,2.0,0.0,1.5,0.5,2.5
Z01231012,1.5,1.5,0.5,0.0,1.0,2.5
Z01231015,1.0,2.0,0.0,1.0,1.0,1.0
Z01231568,1.5,3.0,0.0,1.0,0.5,2.0
Z01231765,1.0,2.0,0.0,1.5,2.0,2.5
Z01231768,0.5,2.0,0.0,1.5,0.5,2.0
Z01231779,1.0,0.0,0.0,1.0,0.0,2.5
Z01231780,1.0,2.0,0.0,1.0,0.0,2.0
Z01231781,1.0,1.5,0.5,1.0,0.5,2.0
Z01231782,1.0,1.0,0.0,1.0,1.0,3.0
Z01240074,1.0,1.0,0.0,1.5,1.0,2.0
Z01240208,1.5,2.0,0.5,1.0,0.5,1.5
Z01240216,0.5,0.5,0.5,1.0,0.0,1.0
Z01240219,1.5,1.5,1.0,0.5,0.0,0.0
Z01240223,0.5,0.0,0.0,1.0,0.0,1.0
Z01240224,1.0,1.5,0.5,0.5,0.0,0.0
Z01241192,0.0,0.5,0.0,0.0,0.0,1.0
Z01241193,0.0,0.5,0.0,0.0,0.0,0.0
Z01241302,1.5,0.5,0.0,1.0,1.0,2.5
Z01241530,1.0,1.0,1.0,0.0,0.0,0.0
Z01241532,1.0,1.5,0.0,1.0,0.0,1.0
Z01242151,2.0,0.0,0.0,2.0,4.0,1.0
Z01242154,2.0,0.0,0.0,1.0,4.0,2.0
Z01242155,2.0,0.0,0.0,2.0,0.5,3.0
Z01242158,2.0,0.0,0.0,1.0,3.0,3.0
Z01242785,1.0,0.5,1.0,1.0,1.0,2.5
Z02232541,1.5,2.0,0.0,1.0,0.5,2.0
Z02232718,0.5,1.5,0.0,1.0,0.5,2.5
Z02232725,1.0,1.5,0.0,0.0,0.5,2.0
Z02232729,0.5,0.0,0.0,1.0,0.5,1.5
Z02232736,0.5,0.5,0.5,1.0,0.5,2.5
Z02240458,1.0,1.5,0.5,1.0,0.0,2.0
Z04230343,1.0,1.0,0.5,1.0,0.5,2.0
Z04230525,1.0,1.5,0.0,1.0,0.5,2.0
Z04231490,1.0,1.0,0.5,0.0,0.5,2.0
Z04231507,0.5,0.0,0.0,1.0,0.0,0.0
Z04231509,0.5,0.5,0.0,0.5,0.0,1.0
Z05220896,1.5,2.0,0.0,1.0,0.0,1.0
Z05220897,1.0,0.5,0.0,2.0,0.0,1.0
Z05221984,1.5,2.0,1.0,1.0,0.5,2.0
Z05221985,1.0,2.0,0.0,2.0,0.5,3.0
Z05221986,1.0,0.0,0.0,1.0,0.0,2.5
Z05221987,0.5,1.0,0.0,1.0,0.0,2.5
Z05221988,1.5,0.5,0.0,1.0,0.0,2.0
Z05221989,1.5,0.0,0.0,1.0,0.0,0.0
Z05221990,1.0,1.0,0.0,0.0,0.5,2.0
Z05221992,1.0,2.0,0.0,0.0,0.5,3.0
Z05221993,2.0,0.0,0.0,1.0,0.5,2.0
Z05221994,0.5,3.0,0.5,1.0,1.0,1.5
Z05221995,1.0,1.0,0.0,1.0,1.0,1.5
Z05221996,2.5,2.5,0.0,1.5,1.0,3.25
Z05221997,1.5,1.5,1.0,2.0,1.0,3.5
Z05221998,1.0,0.5,0.0,1.0,1.0,2.5
Z05221999,1.5,1.5,0.0,1.0,0.0,2.0
Z05222000,1.5,1.5,0.0,0.0,0.0,2.5
Z05222002,1.0,1.0,0.0,1.0,0.0,3.0
Z05222004,1.5,1.5,0.0,1.0,0.5,2.0
Z05222009,2.0,0.0,0.0,1.0,0.5,1.5
Z05222010,1.5,1.5,0.0,1.0,0.0,2.5
Z05222156,1.0,2.0,0.0,1.5,0.5,2.0
Z05223289,2.0,1.0,0.0,1.0,0.0,1.5
Z05223290,2.5,0.0,0.0,1.0,0.0,1.5
Z05223291,1.0,1.0,0.0,1.0,0.5,2.0
Z05223292,1.5,2.5,0.5,1.0,0.0,1.5
Z05223293,1.5,1.0,0.0,1.0,0.5,2.5
Z05223294,1.5,2.5,0.5,1.0,0.0,2.0
Z05223295,1.5,1.5,0.5,1.0,0.0,2.5
Z05223296,1.5,1.0,0.5,1.0,0.0,2.0
Z05223297,1.5,1.5,0.0,1.0,0.0,3.0
Z05223304,1.0,1.0,0.0,0.0,0.5,2.0
Z05223550,1.5,0.0,0.0,1.0,0.0,1.5
Z05223551,2.0,0.0,0.0,1.0,0.0,3.5
Z05223552,1.5,1.5,0.0,1.0,0.0,2.5
Z05223553,2.0,1.0,0.0,1.0,0.0,1.5
Z05223554,0.5,0.5,0.5,1.5,0.5,2.0
Z05223555,0.5,1.5,0.5,1.5,0.5,2.5
Z05223556,0.5,0.0,0.0,1.0,0.0,1.5
Z05223557,1.0,1.5,0.5,1.0,0.0,2.5
Z05223558,1.0,1.5,0.5,2.0,0.5,3.0
Z05223559,1.5,2.0,0.5,1.0,0.0,3.0
Z05223560,1.5,2.0,0.0,1.0,1.0,3.0
Z05230238,0.5,1.5,0.0,1.0,1.0,2.5
Z05231275,0.5,1.5,0.0,1.0,1.0,2.5
Z05231635,2.0,0.5,0.0,1.0,1.0,2.5
Z05232232,0.5,0.0,0.0,0.5,0.0,1.0
Z05232233,1.0,0.0,0.0,1.0,0.0,0.0
Z05232234,0.5,0.0,0.0,0.5,0.0,1.0
Z05232822,1.0,0.0,0.0,1.5,0.0,2.5
Z05232823,1.5,0.0,0.0,1.0,1.0,2.5
Z05232826,1.0,0.0,0.0,1.0,1.0,2.5
Z05232827,2.5,0.0,1.0,1.5,1.0,2.5
Z05232828,1.0,1.5,0.0,1.0,0.0,2.0
Z06220767,1.5,2.0,0.0,1.0,0.5,3.0
Z06220768,1.0,1.0,0.0,1.0,0.0,2.0
Z06220770,1.0,2.0,0.5,1.0,0.0,2.5
Z06220771,1.5,2.0,1.0,1.0,0.0,2.5
Z06220772,0.5,0.5,0.0,1.0,0.0,3.0
Z06220773,2.0,0.0,0.0,1.0,0.5,1.5
Z06220774,1.5,0.5,0.0,1.0,0.0,1.5
Z06220775,2.0,0.0,0.0,1.0,0.0,1.5
Z06220776,2.0,0.0,0.0,1.0,0.0,1.5
Z06220777,2.0,0.0,0.0,1.0,0.0,1.5
Z06220778,2.0,0.0,0.0,1.0,0.0,1.5
Z06220779,1.5,2.0,1.0,1.5,1.0,3.0
Z06220780,1.0,0.5,0.0,1.0,0.0,3.0
Z06220782,0.5,0.0,0.0,1.0,0.0,1.5
Z06220784,1.0,2.5,1.0,1.0,0.0,2.0
Z06220785,0.5,2.0,0.5,1.0,0.0,3.0
Z06220786,1.5,0.0,0.0,1.0,0.0,2.0
Z06220812,2.0,1.0,0.0,1.0,0.5,3.5
Z06220814,1.0,2.0,1.0,1.0,0.0,2.5
Z06220816,1.5,2.5,0.0,1.0,0.0,2.0
Z06221633,1.5,2.0,0.0,1.0,0.5,2.0
Z06221634,1.0,2.0,0.0,1.0,0.0,2.5
Z06221636,1.0,0.0,0.0,1.0,0.5,2.5
Z06221637,1.0,1.0,1.0,1.0,1.0,3.0
Z06221638,3.0,1.5,0.5,2.0,1.5,2.0
Z06222589,1.5,2.5,0.5,1.0,0.0,2.0
Z06222591,1.0,2.0,0.0,1.0,1.0,3.0
Z06222592,2.0,0.0,0.0,1.0,0.5,3.0
Z06222593,2.5,0.0,1.0,1.5,1.0,2.0
Z06222594,1.0,0.0,0.5,1.0,0.5,2.5
Z06222595,0.5,0.0,0.0,1.0,0.0,1.5
Z06222596,0.5,0.5,0.5,1.0,0.0,2.5
Z06222597,1.0,2.5,0.5,2.0,0.5,3.5
Z06222598,0.5,0.0,0.0,1.0,1.0,3.0
Z06222599,1.0,0.5,0.0,1.0,0.0,3.5
Z06222600,1.0,2.0,0.0,1.5,0.5,3.0
Z06222601,2.0,0.0,0.0,1.0,0.0,3.0
Z06222602,1.0,0.0,1.0,1.5,1.0,2.5
Z06222603,0.5,0.0,0.0,0.5,0.0,2.0
Z06231814,2.0,1.5,1.0,0.5,0.5,0.0
Z07221495,1.0,0.5,0.0,1.0,0.0,3.0
Z07221550,1.5,0.0,0.0,0.0,0.0,2.0
Z07221551,1.5,1.5,0.0,1.0,0.5,2.0
Z07221552,1.5,0.5,0.0,0.0,1.0,2.0
Z07221553,1.5,0.5,0.0,1.0,0.0,2.0
Z07221554,0.5,1.0,0.5,1.0,0.5,1.0
Z07221555,1.5,1.0,1.0,1.5,1.0,2.5
Z07221560,2.0,0.0,0.0,2.0,0.0,1.5
Z07221561,0.5,0.5,1.0,1.0,0.0,2.5
Z07221562,1.0,0.0,1.0,2.0,1.0,2.5
Z07221563,2.0,0.0,0.0,1.0,0.0,4.0
Z07221565,1.0,1.5,0.5,2.0,0.0,2.5
Z07221569,1.0,1.5,0.0,0.0,0.0,2.0
Z07221571,1.0,1.0,0.0,1.0,0.0,3.0
Z07221572,1.0,1.5,0.5,1.0,0.0,2.0
Z07221573,1.0,1.0,0.0,2.0,0.0,3.0
Z07221574,1.5,2.0,0.5,1.0,0.0,3.0
Z07221575,1.0,1.0,0.0,1.0,0.0,3.0
Z07221576,1.0,2.0,0.0,1.0,1.0,3.0
Z07221577,1.0,1.0,0.0,1.0,1.0,3.0
Z07230377,1.5,2.0,0.5,1.0,0.0,3.0
Z07231630,1.0,0.5,0.0,1.0,1.0,2.5
Z07231683,1.5,1.5,1.0,0.5,0.0,2.5
Z07231687,1.5,1.5,1.0,0.5,0.0,1.5
Z08220040,0.5,1.0,0.5,2.0,1.5,3.0
Z08220041,2.0,2.0,0.0,3.0,1.0,2.0
Z08220043,0.5,1.0,0.0,1.0,0.5,1.5
Z08220045,0.5,1.0,0.5,1.0,0.5,2.0
Z08220046,0.5,0.5,0.5,0.0,0.0,1.5
Z08220048,1.5,0.0,0.0,0.0,0.5,1.5
Z08220049,0.5,0.25,0.5,1.0,0.5,2.0
Z08220050,2.0,1.5,0.5,0.5,0.0,3.0
Z08220051,1.5,1.0,1.0,3.0,1.0,3.0
Z08220057,1.0,2.0,0.0,1.5,0.0,1.0
Z08220058,1.0,0.5,0.0,1.5,0.5,2.0
Z08220060,1.0,1.0,0.0,1.0,1.0,3.0
Z08220061,1.5,2.5,0.5,1.0,1.0,2.0
Z08220062,1.5,1.5,0.0,1.0,1.0,2.5
Z08220063,1.0,1.5,0.0,1.0,1.0,2.0
Z08220066,1.5,0.0,0.0,1.0,1.0,3.5
Z08220068,1.5,2.0,0.0,1.0,2.0,2.0
Z08221170,1.0,2.0,0.0,1.0,0.0,2.0
Z08231091,0.5,1.0,0.0,1.0,0.5,2.0
Z08231769,0.5,1.0,0.5,1.0,0.0,1.5
Z08231868,1.0,1.0,0.5,0.0,0.0,2.0
Z08231961,0.5,0.5,0.0,1.0,0.0,1.0
Z09220030,1.0,1.0,0.5,0.5,0.5,2.5
Z09220034,1.0,2.0,0.0,2.0,1.52,3.0
Z09220035,2.5,2.0,0.0,1.5,0.0,2.0
Z09220036,2.0,3.0,0.0,1.0,1.52,3.0
Z09220309,1.0,1.5,0.0,1.5,0.0,2.0
Z09220447,1.0,0.0,0.0,1.0,0.0,2.0
Z09221156,1.0,2.0,0.0,1.0,1.0,3.0
Z09230092,2.0,0.0,0.0,1.0,4.0,1.5
Z09230093,2.0,0.0,0.0,1.0,2.0,1.5
Z09230157,0.5,1.0,0.0,1.0,1.0,1.5
Z09231697,1.0,0.5,1.0,1.0,1.0,2.5
Z09231710,2.0,0.0,0.0,0.0,0.0,0.0
Z09231712,1.5,2.0,0.5,0.0,0.0,1.5
Z09231713,2.0,0.0,0.0,0.0,0.0,0.0
Z09231714,1.5,2.0,0.5,0.0,0.0,0.0
Z10221033,1.0,1.5,0.0,1.0,1.0,2.0
Z10221108,1.5,1.0,0.0,1.0,0.0,2.0
Z10221111,1.5,0.0,0.0,1.0,1.0,2.5
Z10221116,1.0,2.0,0.0,1.0,0.5,2.5
Z10221120,1.5,0.5,0.0,0.0,0.5,1.5
Z10221121,1.0,1.0,0.0,1.0,1.0,2.0
Z10221123,1.5,0.5,0.0,0.0,0.5,2.0
Z10221228,1.5,1.5,0.0,1.0,1.0,1.0
Z10221230,1.0,2.0,0.5,1.0,0.5,2.0
Z10222491,1.0,0.5,0.0,0.0,0.5,2.0
Z10222503,2.5,1.5,1.0,1.0,1.0,2.0
Z10230380,1.5,1.5,0.0,1.0,0.5,2.5
Z10231160,0.5,0.5,0.0,0.0,0.0,1.0
Z10231161,1.0,2.0,0.5,0.5,0.0,1.5
Z11221396,1.0,1.0,0.0,2.0,1.0,2.5
Z11221398,1.0,0.0,0.5,1.0,0.5,5.0
Z11221399,2.0,0.0,0.0,1.0,0.0,3.0
Z11221406,1.5,1.5,0.0,1.0,1.0,2.5
Z11221407,1.0,2.0,0.0,2.0,1.0,2.0
Z11221409,1.5,2.0,0.5,1.0,0.0,3.0
Z11221411,0.5,0.5,0.0,1.0,0.5,3.0
Z11221413,1.5,0.5,0.0,1.0,1.0,1.5
Z11222098,2.5,2.5,0.0,1.5,0.5,2.5
Z11222661,1.0,0.0,0.5,1.0,0.5,2.0
Z11230128,0.5,1.5,0.0,2.0,1.0,2.0
Z11230351,1.5,1.5,1.0,0.5,0.0,1.5
Z11232011,0.0,0.5,0.0,0.0,0.0,0.0
Z11232012,1.0,1.0,0.5,0.5,0.5,1.0
Z11232706,2.0,0.0,0.0,1.0,2.5,1.5
Z11232707,2.0,0.0,0.0,1.0,4.0,4.0
Z11232708,2.0,3.0,0.0,4.0,3.0,1.5
Z11232782,2.0,0.0,0.0,1.0,1.0,1.0
Z11232783,2.0,0.0,0.0,1.0,0.5,1.5
Z11232784,1.0,1.0,0.0,1.0,0.5,3.0
Z11232789,1.0,1.0,0.0,1.0,0.5,2.5
Z11232793,1.5,0.5,0.0,0.5,2.0,1.0
Z11232795,1.5,0.5,0.0,1.0,0.5,1.0
Z12222038,2.0,2.0,0.0,1.5,1.0,2.0
Z12222039,2.0,0.0,0.0,1.0,1.0,3.5
Z12222045,2.5,2.5,1.0,1.0,1.0,3.0
Z12222046,1.0,2.0,0.5,0.5,1.0,3.5
Z12222047,2.0,0.0,0.0,1.0,1.0,1.5
Z12222048,2.0,0.0,0.0,1.0,1.0,2.5
Z12230376,1.0,0.5,0.5,1.0,1.0,2.5
Z12230412,0.5,0.0,0.5,1.0,0.0,0.0
Z12230413,2.0,0.0,0.0,0.0,0.5,0.0
Z12230414,2.0,1.5,1.0,0.0,0.5,1.0
Z12231474,1.0,2.0,0.5,1.0,0.5,1.0
Z12231612,1.5,0.0,0.0,1.0,0.0,2.0
Z12231787,0.5,0.0,0.0,0.0,0.0,0.0
Z12231788,1.5,0.0,1.0,0.0,1.0,1.0
Z12232285,2.0,0.0,0.0,1.0,2.0,3.0
Z12232287,2.0,0.0,0.0,1.0,2.0,2.0
Z12232288,2.0,0.0,0.0,1.0,4.0,3.5
Z12232289,2.0,0.0,0.0,1.0,3.0,3.5
